claim,verdict,explanation,source,link,id
"Imágenes en este video son del ""Huracan helen en la Florida"".",false,"La creadora de la campaña de donaciones también publicó el video en YouTube, el 14 de agosto con el subtítulo: ""Tormenta en Orem encontró su camino dentro del sótano de Redd"". El artículo dice que el video es de la casa de una familia en Orem, Utah, que sufrió inundaciones severas luego de que el agua entró por la ventana de su sótano. Sin embargo, el segundo clip en el video en Instagram, de una cascada de agua entrando por una ventana cerca de un escritorio, no es del huracán Helene.",Instagram posts,https://www.politifact.com/factchecks/2024/oct/04/instagram-posts/segmento-de-este-video-es-de-inundacion-en-utah-no/,02ef8aae-88d6-4313-a0ec-f353c4c23302
"""Profesores de la Universidad de Howard confirman: 'Kamala fue la peor estudiante de la historia'"".",pants-fire,"Una búsqueda inversa de imágenes muestra que el hombre de la publicación en Facebook es Bradford Grant, profesor de arquitectura de la Universidad de Howard. Hace más de 30 años que la vicepresidenta Kamala Harris se graduó de la Universidad de Howard de Washington, D.C., y una escuela de leyes de California. Harris también se graduó en 1989 de la Facultad de Derecho de la Universidad de California Hastings, ahora conocida como Facultad de Derecho de la Universidad de California, San Francisco o UC Law SF.",Facebook posts,https://www.politifact.com/factchecks/2024/sep/24/facebook-posts/profesores-de-la-universidad-de-howard-no-dijeron/,d056d5be-9526-4e62-99ae-7d9e6aba8ca8
Vice President Kamala Harris “was born in Canada.”,pants-fire,"(Screengrab from Threads) Harris was born Oct. 20, 1964, in Oakland, California. RELATED: Kamala Harris is again facing attacks on her racial identity. A July 31 Threads post claimed Harris was not American because she ""was born in Canada.""",Threads posts,https://www.politifact.com/factchecks/2024/aug/01/threads-posts/kamala-harris-was-born-in-the-us-not-canada/,c83805f8-681b-4801-aa38-68dd672ea54a
The U.S. government is offering Americans loans to pay for flights out of Lebanon while they have been flying Israeli citizens out of Israel on chartered flights for a year “on our dime.”,false,"We rate the claim that the U.S. government is offering Americans loans to pay for flights out of Lebanon while they have been flying Israeli citizens out of Israel on chartered flights for a year ""on our dime"" False. After Israel launched a military ground invasion in southern Lebanon on Sept. 30, the U.S. embassy in Lebanon said in a security alert Oct. 3 that the Beirut-based embassy can provide U.S. citizens with emergency loans to relocate and direct Americans to flights with available seats to depart to a safe country. About 1,500 Americans evacuated Israel on chartered flights in 2023 after Hamas attacked Israel on Oct. 7.",Threads posts,https://www.politifact.com/factchecks/2024/oct/09/threads-posts/americans-in-lebanon-and-israel-had-to-pay-for-the/,c496b62a-3498-481a-81b5-e5fcd8cd8315
A biolab caught fire in Georgia right before the 2024 election.,false,"A Sept. 29 Instagram post sharing video of the fire was captioned, ""A Biolab has caught on fire in Georgia."" Today, the U.S. does not develop or produce any bioweapons as part of the United Nations’ Biological Weapons Convention. The Department of State said on X in 2022 that the U.S. is in compliance with the Biological Weapons Convention and ""does not develop or possess chemical and biological weapons anywhere.""",X posts,https://www.politifact.com/factchecks/2024/oct/01/tweets/georgia-fire-took-place-at-pool-and-spa-product-ma/,c93d50ed-54a0-415f-8a2b-07156a403010
"Beyoncé and Taylor Swift announced a “big endorsement concert” and said, “No more silence, before it’s too late, our voice must be heard now!”",false,"But neither Swift nor Beyoncé had formally endorsed any candidate of Aug. 27. Swift and Beyoncé endorsed Joe Biden and Harris in 2020. ""Beyoncé and Taylor Swift are about to have a BIG Endorsement Concert,"" an Aug. 21 Facebook post said.",Facebook posts,https://www.politifact.com/factchecks/2024/aug/28/facebook-posts/this-isnt-a-real-endorsement-quote-attributed-to-b/,44073cb2-cd3d-4d24-b1ad-66dd99be9058
“Country Music Television (CMT) has announced a permanent boycott of Taylor Swift.”,false,"""In a move that shocked the country music community and beyond, Country Music Television (CMT) has announced a permanent boycott of Taylor Swift,"" a Sept. 16 Facebook post said. Singer-songwriter Taylor Swift hasn’t been banned from Country Music Television despite an old satirical post that’s regaining traction online. This Facebook post isn’t.",Facebook posts,https://www.politifact.com/factchecks/2024/sep/18/facebook-posts/cmt-isnt-boycotting-taylor-swift-despite-old-onlin/,abc4c795-ad63-44bf-9ebc-f3e8190d3c6f
"Haitian immigrants are eating pets and wildlife in Springfield, Ohio.",false,"Social media posts claim that pets and wildlife in Springfield, Ohio, are being eaten by Haitian immigrants. A Springfield spokesperson said the city has received no such reports, and Springfield police told a local news outlet the department has received no reports of pets being stolen and eaten. But are the social media claims true about the immigrants eating their neighbors’ pets and dining on local waterfowl?",Social Media,https://www.politifact.com/factchecks/2024/sep/09/social-media/authorities-rebut-claims-that-haitian-immigrants-a/,9a272180-7fe5-469f-b173-c63a03ec1236
"""Kamala just launched her presidential campaign on RuPaul's Drag Race.""",false,"Vice President Kamala Harris launched her presidential campaign soon after President Joe Biden announced July 21 that he would withdraw from the race and endorse Harris’ candidacy. On July 26, Harris appeared on the Season 9 finale of ""RuPaul’s Drag Race All Stars,"" a reality competition show airing on MTV. And on July 23, Harris appeared before a crowd of thousands in Milwaukee.",Social Media,https://www.politifact.com/factchecks/2024/jul/31/social-media/kamala-harris-rupauls-drag-race-spot-was-taped-bef/,3833b5f5-7676-41bb-8c69-85aa278afdf0
Kamala Harris “wants to forcibly compel doctors and nurses against their will to give chemical castration drugs to young children.”,false,"During Harris’ vice presidency, the Department of Health and Human Services passed a rule that included LGBTQ+ people in the Affordable Care Act’s prohibition on sex discrimination. The change meant that LGBTQ+ people are again included in the Affordable Care Act’s prohibition on sex discrimination. An RNC spokesperson provided information about the Biden-Harris administration’s general support for access to gender affirming care for youth, but did not specify what Trump was referring to or a policy that would ""force"" doctors to provide care.",Donald Trump,https://www.politifact.com/factchecks/2024/aug/29/donald-trump/trumps-false-claim-harris-wants-to-forcibly-compel/,24e66543-61ae-4591-b17e-a6798a98987a
California law lets you “rob a store as long as it’s not more than $950” and “not get charged.” Kamala Harris “did that.”,false,"There is a $950 threshold cited in Proposition 47 between a misdemeanor or felony theft charge in the state. Trump said Harris was responsible for a California law that lets people steal with no penalties as long as the goods are valued at $950 or less. Under state law before Proposition 47, shoplifting property worth $950 or less was often a misdemeanor, but such crimes could, in some cases, also be charged as a burglary, which could be a felony, Harris’ summary said.",Donald Trump,https://www.politifact.com/factchecks/2024/aug/19/donald-trump/donald-trump-misleads-about-a-2014-california-crim/,80309d7f-4a7f-4fa0-83bd-951e53ca004b
"Photo shows “domestic Antifa are already gathering in Chicago, to create chaos during the Harris-Walz DNC.”",false,"And Chicago police have not said antifa is gathering in Chicago in such large numbers. When we contacted the Chicago Police Department about the X post’s claim, the agency pointed us to an Aug. 13 press conference about police efforts for the DNC. But we found no evidence from police or in on-the-scene news reports that demonstrators linked to antifa played a dominant role.",X posts,https://www.politifact.com/factchecks/2024/aug/21/tweets/why-this-claim-about-antifa-at-the-dnc-is-false/,8c26e503-75c8-4b0c-8066-f7b29eb37d17
Vice President Kamala Harris’ “60 Minutes” interview may be “a major Campaign Finance Violation.”,false,"Trump said on Truth Social that Harris’ ""60 minutes"" interview might be ""a major Campaign Finance Violation."" And the answer to that question is, ‘Yes.’"" And here’s the exchange on the same topic that was included in the full interview: Whitaker: ""We supply Israel with billions of dollars in military aid, and yet Prime Minister Netanyahu seems to be charting his own course. A CBS News spokesperson told The Associated Press that Harris said both of the statements seen in the preview clip and the full interview back-to-back during her sit-down with ""60 Minutes.""",Donald Trump,https://www.politifact.com/factchecks/2024/oct/12/donald-trump/trump-claimed-harris-60-minutes-interview-violated/,c505fe9d-1a51-41b4-88f8-839707ffcf65
"FEMA, FAA are “blocking” delivery of Starlink devices and supplies to North Carolina’s hurricane-hit areas.",false,"ET Oct. 4, Musk posted that a SpaceX engineer in North Carolina told him FEMA was ""actively blocking citizens who try to help"" Hurricane Helene survivors. Rumor"" webpage, on which it addressed what it described as a ""rumors,"" including that 1) the FAA was ""restricting access to the airspace for Helene rescue and recovery operations"" and 2) FEMA was ""operating and controlling airports in western North Carolina."" After entrepreneur Elon Musk claimed on X that FEMA was blocking relief efforts in North Carolina, social media posts multiplied, amplifying the claim and garnering thousands of views and shares.",Social Media,https://www.politifact.com/factchecks/2024/oct/08/social-media/fema-the-faa-arent-blocking-flights-delivering-sta/,81c72435-b29e-4371-bd87-01cc5800b5cd
"A Haitian woman was arrested in Springfield, Ohio, for eating a cat.",pants-fire,"We rate the claim that a Haitian woman was arrested in Springfield, Ohio, for eating a cat Pants on Fire! Alexis Ferrell of Canton, Ohio, was arrested Aug. 26 on animal cruelty and disorderly conduct charges after Canton police said she tortured, killed and ate a cat in front of people in Canton. Now some social media users are sharing police footage of a woman being arrested for animal cruelty as proof that Trump was right and the fact-checkers are wrong.",Instagram posts,https://www.politifact.com/factchecks/2024/sep/12/instagram-posts/arrest-of-a-canton-ohio-woman-unrelated-to-baseles/,741ad22b-194e-42db-bf11-af32b1223989
Sam Brown “said abortion should be banned without any exceptions for rape or incest.”,half-true,"A Rosen campaign ad said Brown ""said abortion should be banned without exceptions for rape or incest."" Sam Brown said in the interview that he supported exceptions to abortion bans for rape, incest and when the mother’s life is threatened. A Dec. 5, 2023, Nevada Independent article reported that Brown’s campaign said it ""disavows"" and had ""no involvement"" with the 2022 questionnaire in which Brown said he supports abortion law exceptions when the mother’s life is at risk.",Jacky Rosen,https://www.politifact.com/factchecks/2024/aug/19/jacky-rosen/jacky-rosen-oversimplifies-sam-browns-abortion-sta/,48d6c1d6-173a-4613-a847-ebc496708687
"Says his Jan. 6, 2021, speech on the White House Ellipse drew the “same number of people,” as the 1963 March on Washington where Martin Luther King Jr. gave his “I Have a Dream” speech.",false,"(AP)   The question that triggered Trump’s crowd-size answer was about Jan. 6, and Trump called it ""the biggest crowd I’ve ever spoken to."" Describing his speech to supporters on Jan. 6, 2021, Trump said he spoke to the ""same number of people, if not, we had more"" than King’s 1963 ""I Have a Dream"" speech. Here is an image of the crowd during King’s speech: A crowd near the Reflecting Pool listens to Martin Luther King Jr. and other speakers during the March on Washington in 1963.",Donald Trump,https://www.politifact.com/factchecks/2024/aug/09/donald-trump/trumps-false-mlk-speech-jan-6-crowd-size/,523b27d9-cc85-4562-8511-d71a763c19bc
Republican Senate candidate Dave McCormick “wants to outlaw abortions.”,barely-true,"But he has said during the 2024 campaign and his campaign website says that he does not support a national abortion ban. Although McCormick has previously made statements that could be considered pro abortion restrictions — such as that he ""believes life begins at conception"" — he has said during the 2024 campaign cycle that he opposes a national abortion ban. It also says McCormick said he opposes exceptions for abortion restrictions in cases of rape and incest, a claim previous ads also have focused on.",Democratic Senatorial Campaign Committee,https://www.politifact.com/factchecks/2024/aug/15/democratic-senatorial-campaign-committee/pennsylvania-senate-candidate-dave-mccormick-has-n/,a9ee1187-104f-4e3d-97ef-22df0aa5cefd
“Hurricane Nadine was a catastrophic Category 5 hurricane that struck Central America and the Bahamas in October 2024.”,false,"""Hurricane Nadine was a catastrophic Category 5 hurricane that struck Central America and the Bahamas in October 2024,"" the text says. Still, text spreading online appears to describe a Hurricane Nadine in the past tense. Hurricane Nadine wasn’t a catastrophic Category 5 hurricane, because as of Oct. 10, it never existed.",Instagram posts,https://www.politifact.com/factchecks/2024/oct/11/instagram-posts/hurricane-nadine-didnt-exist-as-of-oct-10-but-a-fi/,731bb80d-91dd-4442-8538-fef59056b7b8
“Nowhere on her birth certificate does it say that she is BLACK OR AFRICAN. … Kamala Harris is NOT black and never has been.”,false,Loomer claimed a birth certificate proves Harris is not Black and never has been because it doesn’t say she is Black or African. The birth certificate does not address Kamala Harris’ race. But Harris’ birth certificate did not include information about her race.,Laura Loomer,https://www.politifact.com/factchecks/2024/aug/06/laura-loomer/birth-certificate-doesnt-list-kamala-harris-race-b/,bf87822c-29d8-40ad-8180-68fe4e5d6d84
Travis Kelce endorsed Kamala Harris.,false,"We searched Google and the Nexis news database and found no credible news reports about Kelce endorsing Harris as of Sept. 24. ""Breaking: Travis Kelce Follows Taylor Swift’s Footsteps, Supports Harris: ‘Taylor Made the Right Decision,’"" a Threads screenshot of a Sept. 15 X post reads. We rate the claim that Travis Kelce endorsed Kamala Harris in mid-September False.",Threads posts,https://www.politifact.com/factchecks/2024/sep/24/threads-posts/no-travis-kelce-didnt-endorse-kamala-harris-for-pr/,813fbf4c-c77c-49eb-8d8e-87c035f03dfa
Kamala Harris has adopted the Nazi-rooted phrase “Strength Through Joy” as her campaign slogan.,false,"But there’s no evidence that Harris has made ""strength through joy"" her campaign slogan. Harris has not adopted the phrase ""strength through joy"" as her campaign slogan. PolitiFact searched campaign speech transcripts and news articles and found no instances of Harris using that exact phrase.",Instagram posts,https://www.politifact.com/factchecks/2024/aug/26/instagram-posts/no-kamala-harris-isnt-using-a-nazi-rooted-phrase-a/,0480c0d0-55ad-4b51-aaf5-33bd55c01284
“It has just come out that Democrats in Washington and the Democrat Governor’s Office of North Carolina (Roy Cooper) were blocking people and money from coming into North Carolina.”,pants-fire,"""It has just come out that Democrats in Washington and the Democrat Governor’s Office of North Carolina (Roy Cooper) were blocking people and money from coming into North Carolina to help people in desperate need,"" Trump wrote Oct. 11 on Truth Social. The National File’s Oct. 10 article discussed companywide emails from two Blue Cross Blue Shield in North Carolina employees with updates about the hurricane disaster and guidance about how to safely assist. Trump said, ""It has just come out that Democrats in Washington and the Democrat Governor’s Office of North Carolina (Roy Cooper) were blocking people and money from coming into North Carolina.""",Donald Trump,https://www.politifact.com/factchecks/2024/oct/12/donald-trump/trump-said-north-carolina-gov-cooper-democrats-blo/,83d3df9a-6a61-462e-af84-09fee207a5fa
Says Minnesota Gov. Tim Walz was “banned from future games for flipping off the fans.”,pants-fire,"We found no other evidence, such as credible news stories or public statements from football or university officials, to corroborate the claim that Walz was banned. Tim Walz didn’t flip the bird to football fans at a recent college game, much less get banned from the stadium. Walz also extended a finger — but he’s pointing, not flipping someone off.",Threads posts,https://www.politifact.com/factchecks/2024/oct/11/threads-posts/tim-walz-wasnt-banned-from-college-football-games/,26956be2-59f7-4b12-8c44-578f58c6e770
"In negotiating releases of Americans held abroad, “(I) gave the opposing country NOTHING — and never any cash.”",barely-true,"In one instance, the U.S. agreed to pay money to North Korea for the release of a U.S. citizen, but a White House official said the money was never sent. However, Bolton, who was not working in the Trump administration at the time of Warmbier’s release, said the U.S. ""absolutely"" did not pay North Korea any money for the release. National Security Adviser Jake Sullivan said the U.S. did not exchange money in the deal.",Donald Trump,https://www.politifact.com/factchecks/2024/aug/07/donald-trump/donald-trump-released-prisoners-dropped-charges-wh/,47b1e3bd-ec6d-42f5-8fdc-4c9d0ad318bb
"With U.S. Customs and Border Protection’s CBP One app, it “takes less than 5 minutes and zero documentation to get approved as an illegal immigrant and be flown to the United States with air tickets paid for by the American taxpayer.”",false,"Besides asylum seekers, the CBP One app is also used by people who have applied through U.S. The app is used only for scheduling and prescreening; it’s not an asylum or parole application and doesn’t grant migrants U.S. entry. Just as the CBP app itself is not an asylum application, the appointments also are not an asylum application, and border officials don’t decide which people are granted asylum.",Elon Musk,https://www.politifact.com/factchecks/2024/oct/04/elon-musk/unpacking-elon-musks-false-claim-about-cbp-one-app/,ad33a7db-58db-411e-874b-d0f8e4881cb0
“I went down in a helicopter with (Willie Brown). We thought maybe this is the end. We were in a helicopter going to a certain location together and there was an emergency landing.”,pants-fire,"Former President Donald Trump’s tale of an emergency helicopter landing unraveled after one of its main characters, former San Francisco Mayor Willie Brown, told news outlets it never happened. Trump did fly on a helicopter with a different Democrat named Brown — former California Gov. Although we found no news articles about a helicopter crash or emergency landing involving Trump and Brown, we discovered a report about one treacherous helicopter trip involving the former mayor.",Donald Trump,https://www.politifact.com/factchecks/2024/aug/09/donald-trump/trumps-unproven-story-about-willie-brown-and-a-har/,5db97be3-5f71-4773-984e-b1cd2d9b62ac
Says Simone Biles “announces retirement” and “reveals she is ‘expecting a baby.’”,false,"Even before her final performance Aug. 5 in the Paris Games, a floor routine that netted her the silver medal, a Facebook post claimed that Biles had announced her retirement and said she was pregnant. Simone Biles is the most decorated gymnast in history and she finished the 2024 Olympics with three gold medals and one silver. ""Just Reported that America’s most decorated Olympic gymnast of all time, Simone Biles Announces Retirement at 27 After Securing Gold at Paris Olympics, Reveals she is ‘expecting a baby’ with her husband, Jonathan Owens.",Facebook posts,https://www.politifact.com/factchecks/2024/aug/05/facebook-posts/simone-biles-didnt-announce-her-retirement-or-a-pr/,891fed71-6167-4086-ba81-954662928d42
U.S. Transportation Secretary Pete Buttigieg banned private drones from flying over areas affected by Hurricane Helene.,barely-true,"The Federal Aviation Administration on Oct. 2 issued a temporary flight restriction in limited parts of the areas Hurricane Helene affected, but lifted the restriction that night. But a Transportation Department spokesperson said the Federal Aviation Administration has not banned drones from providing Hurricane Helene disaster relief and recovery assistance. But a Transportation Department spokesperson said the Federal Aviation Administration is not banning drones from providing Hurricane Helene disaster relief and recovery assistance.",X posts,https://www.politifact.com/factchecks/2024/oct/04/tweets/private-drones-can-fly-over-areas-hit-by-hurricane/,12d46c90-48b2-41a5-99ad-e90712dc2571
The government is arming “illegal immigrants.”,false,"We searched Google and the Nexis news database and found no credible reports of the U.S. government supplying immigrants in the country illegally with weapons. The U.S. government is not giving weapons to immigrants in the country illegally, contrary to social media claims. Immigrants in the U.S. illegally are not allowed to own guns, per federal law.",Instagram posts,https://www.politifact.com/factchecks/2024/sep/26/instagram-posts/no-the-us-government-is-not-arming-immigrants-in-t/,3e6a26be-73d5-4b69-b4a5-9e23978f5604
Photo of former President Donald Trump after an assassination attempt was generated by artificial intelligence.,false,"Vucci’s image was authentic and the moment was widely observed. In the altered image, Trump appears to have six fingers. But these posts claiming it wasn’t a real photo include an altered version of the real image as proof.",Viral image,https://www.politifact.com/factchecks/2024/aug/30/viral-image/no-this-isnt-an-ai-generated-photo-of-trump-raisin/,7dc6dddb-00cf-45c6-a836-102dbd0e9610
An image shows Travis Kelce responding to Elon Musk X post that followed Taylor Swift’s endorsement of Vice President Kamala Harris.,false,"A post shared by Taylor Swift (@taylorswift) Entrepreneur Elon Musk, who supports former President Donald Trump in the presidential race, responded to Swift’s endorsement on his X platform. A Threads post shared an image that it said shows Kelce responding to a Musk X post. Like Kelce, Swift has not publicly responded to Musk’s X post.",Threads posts,https://www.politifact.com/factchecks/2024/sep/13/threads-posts/no-taylor-swifts-boyfriend-travis-kelce-didnt-say/,7851ea6c-2250-410f-9714-a36e4faf654b
“They create hurricanes via cloud seeding” and “direct them where they want the Hurricane to go!”,pants-fire,"A Facebook post’s claim that Hurricane Milton was created using cloud seeding and steered toward Florida describes something that’s technologically impossible, weather experts said. The ""NOAA confirms that there are no weather modification activities that could have resulted in Hurricane Helene or Hurricane Milton,"" Allen said. If we could geoengineer a hurricane then there would be a lot of other weather that would be dealt with — which isn't happening.""",Facebook posts,https://www.politifact.com/factchecks/2024/oct/10/facebook-posts/no-cloud-seeding-wasnt-used-to-create-hurricane-mi/,2e5264aa-42df-4db4-8ba9-200b9b301a24
“PA Gov Josh Shapiro isn’t attending the DNC at all.”,false,"That’s because Shapiro has been at the convention, which started Aug. 19. ""PA Gov Josh Shapiro isn’t attending the DNC at all,"" a screenshot of an X post shared Aug. 19 on Threads said. On Aug. 20, Shapiro took the mic during the DNC’s ceremonial roll call vote, which was broadcast and streamed live, and led the Pennsylvania delegation in submitting their votes for Harris as the Democratic nominee.",Viral image,https://www.politifact.com/factchecks/2024/aug/21/viral-image/pa-gov-josh-shapiro-is-at-the-democratic-conventio/,bb2e5fce-f5bd-461c-acda-1bfae87b98d9
"""Debate moderators made the false claim to Donald Trump that there is nowhere in the United States where abortion is legal up until birth.""",false,"An Instagram post claiming a moderator falsely told Trump ""that there is nowhere in the United States where abortion is legal up until birth"" misstates what Davis said. But ABC’s fact-check of Trump on abortion was not about state restrictions on gestational age. ""Last night during the ABC debate, two of the participants, otherwise known as the moderators of the debate, made the false claim to Donald Trump that there is nowhere in the United States where abortion is legal up until birth,"" a man said in a Sept. 11 Instagram video.",Instagram posts,https://www.politifact.com/factchecks/2024/sep/13/instagram-posts/abc-moderators-fact-check-of-trump-was-about-postb/,d4ae3f03-cd3c-45ab-98d7-2b95fbe8d1d1
"“Elon Musk is going to expose Bill Gates soon, says ‘he’s evil.’”",false,"""Elon Musk is going to expose Bill Gates soon, says ‘he’s evil,’"" read text in a Sept. 8 Threads post that showed images of Musk and Gates. ""Elon Musk’s shocking claim: Bill Gates is ‘evil’— prepare for the ultimate exposé!,"" the post said. SpaceXMania, which claims to ""bring you the freshest fake news,"" posted a story on its site Nov. 8 with this headline: ""Breaking: Elon Musk exposes Bill Gates on X, says ‘he’s evil.’"" The story was labeled ""satire"" and we found no evidence on Musk’s X account or elsewhere online that he called Gates ""evil.""",Viral image,https://www.politifact.com/factchecks/2024/sep/12/viral-image/speak-no-evil-claims-elon-musk-said-he-was-going-t/,735398c4-6015-43dc-9d16-cac59bae91ab
"""Teachers and nurses and firefighters are paying a higher tax rate than billionaires and the biggest corporations.""",barely-true,"One study of 342 U.S. large, profitable corporations found they pay an effective tax rate of 14.1%, which is a higher rate than paid by most middle-income workers Harris referred to. Under current law, the 25 highest-earning billionaires paid a 16% tax rate on average, estimates show, while the top 1% of taxpayers paid an average rate more than 25%. Harris said, ""Teachers and nurses and firefighters are paying a higher tax rate than billionaires and the biggest corporations.""",Kamala Harris,https://www.politifact.com/factchecks/2024/oct/10/kamala-harris/kamala-harris-off-base-on-tax-rate-comparison-of-b/,ffcb9ae5-a02b-4ac4-9ded-70bc457015af
Republican state Senate candidate Ashlee Adams “campaigned for Mark Robinson and his radical agenda.”,false,"Asked for evidence that Adams campaigned for Robinson, an Everitt spokesperson said the Adams campaign posted a voter’s guide on its Facebook Aug. 25 that listed Robinson as the Republican gubernatorial candidate. Everitt’s campaign ad claims Adams ""campaigned for Mark Robinson and his radical agenda."" ""Ashlee Adams is working with Mark Robinson to take abortion rights away,"" a narrator in Everitt’s ad says.",Terence Everitt,https://www.politifact.com/factchecks/2024/oct/12/terence-everitt/democrats-falsely-claim-ashlee-adams-campaigned-fo/,02fff293-7625-42b2-a312-981ec6aebfd9
Biden Executive Order 14019 “requires our taxpayer-funded federal agencies to violate the Hatch Act and engage in illegal vote harvesting.”,pants-fire,"The order does not require federal agencies to violate the Hatch Act. The order calls on federal agencies to expand voter registration activities and to do so within the bounds of the law. Tenney claimed that Executive Order 14019 ""requires our taxpayer-funded federal agencies to violate the Hatch Act and engage in illegal vote harvesting.""",Claudia Tenney,https://www.politifact.com/factchecks/2024/aug/02/claudia-tenney/executive-order-to-expand-voter-registration-calls/,72d5290e-d324-4f7a-8155-9ae4f40c9111
Kamala Harris “supports mandatory gun confiscation.”,barely-true,"Trump said Harris ""supports mandatory gun confiscation."" We asked the Harris campaign whether she still supports mandatory assault weapons buybacks. While running in the 2019 presidential primary, Harris said, ""I support a mandatory gun buyback program"" for assault weapons.",Donald Trump,https://www.politifact.com/factchecks/2024/aug/07/donald-trump/kamala-harris-once-backed-mandatory-assault-weapon/,a931d446-9b6c-4189-ac1c-3959dec117b6
“Project 2025 wants to get rid of NOAA” and the National Weather Service.,half-true,Project 2025 has a few pages about NOAA and the National Weather Service and some of its phrasing is vague. Project 2025 includes about four pages on NOAA and the National Weather Service. Project 2025 would not outright end the National Weather Service.,Jared Moskowitz,https://www.politifact.com/factchecks/2024/sep/26/jared-moskowitz/what-does-project-2025-say-about-the-national-weat/,d1f4e7a0-fd4a-4812-b410-02a5293ba197
Video shows footage of Hurricane Helene,false,"The second clip was taken in Urbandale, Iowa, during a July 2024 tornado, according to local news reports. We tracked the origins of the 10 separate clips included in the compilation:  The first clip featuring a white building and red pickup truck was taken in Nash County, North Carolina, during a July 2023 hurricane, according to WTVD-TV. The third clip of a flying trampoline in a backyard was taken in July 2021 in Rock Hill, South Carolina, according to a video posted on The Weather Channel website.",Instagram posts,https://www.politifact.com/factchecks/2024/sep/27/instagram-posts/viral-video-compilation-tries-to-pass-off-old-foot/,6361e357-c180-42da-ab26-20276351dadc
"""Since Vice President Harris and I took office … incomes have risen faster than prices.""",mostly-true,"This distinction matters because if Biden had said ""wages"" had exceeded inflation since he took office, he would have been wrong. After adjusting for inflation, per capita personal income after taxes has risen modestly, once you remove the temporary influx of pandemic-era stimulus cash that distorts the data for January 2021, Biden’s first month in office. ""Since Vice President Harris and I took office, our economy has created nearly 16 million jobs, average unemployment has been lower than during any administration in 50 years, and incomes have risen faster than prices,"" Biden said in an Aug. 2 statement.",Joe Biden,https://www.politifact.com/factchecks/2024/aug/06/joe-biden/have-incomes-outpaced-inflation-since-joe-biden-to/,616674d9-7671-4a8a-8eb4-a07e972c0177
"Olympic air pistol shooting medalist took up the sport during his divorce and told his ex-wife from the podium, “I want my dog back.”",false,"Along with the jokes, one story about Dikec making the rounds on social media claims he had a dark backstory to his shooting prowess. One Facebook post shared side-by-side photos of Dikec shooting at the Olympics next to one of him at home with the cat. But the tall tale came from a satirical account called The Sportsmemery, which shared the fake Dikec story in an Aug. 1 post that it described as satire, something the other posts sharing the story omitted.",Instagram posts,https://www.politifact.com/factchecks/2024/aug/05/instagram-posts/olympic-shooting-stars-origin-story-about-messy-di/,1d16b3f2-6cca-452e-b752-76d58a3d8010
"“MAGA Republicans like Kari Lake support Project 2025, which would raise the retirement age for 73% of Arizonans.”",barely-true,"On the campaign trail, Lake hasn’t explicitly endorsed Project 2025, but she has appeared in a Project 2025 promotional video. Gallego said, ""MAGA Republicans like Kari Lake support Project 2025, which would raise the retirement age for 73% of Arizonans."" ""MAGA Republicans like Kari Lake support Project 2025, which would raise the retirement age for 73% of Arizonans,"" Gallego said Aug. 17 on X.",Ruben Gallego,https://www.politifact.com/factchecks/2024/sep/26/ruben-gallego/has-kari-lake-supported-project-2025-on-social-sec/,0179bef9-857b-4bbd-a045-9a8c1bc1d0b1
“Taylor Swift faces a 10-game NFL ban following controversial political involvement.”,false,"We’ve fact-checked misinformation about Swift and her Sept. 10 endorsement of Vice President Kamala Harris, the 2024 Democratic presidential nominee. We’ve fact-checked misinformation about singer-songwriter Taylor Swift and the NFL. One fake news page, SpaceX Fanclub, has been especially prolific with Swift-related posts and features fabricated headlines from Dec. 27 (""NFL franchisees express concerns over Taylor Swift ‘she’s ruining the NFL, and we’re banning her from games’""), Jan. 5 (""Taylor Swift is ruining the NFL and we’re banning her from games""), Feb. 9 (""NFL to ban Taylor Swift from games ‘she’s woke and very distracting’"") and Feb. 20 (""NFL franchise owners make it absolutely clear: ‘Taylor Swift ruint the NFL, she’s going to be banned from next season’"").",Facebook posts,https://www.politifact.com/factchecks/2024/sep/26/facebook-posts/taylor-swift-isnt-banned-from-upcoming-nfl-games-b/,1f946a10-ff0e-4015-a20a-713a98358197
Photo shows a toilet after “some Hezbollah operative blew up.”,false,"After pagers used by members of the militant group Hezbollah exploded Sept. 17 in Lebanon and Syria, killing more than 30 people and injuring thousands more, an image of a damaged and charred toilet started to spread on social media. We rate claims this photo shows a toilet destroyed after a member of Hezbollah ""blew up"" False. But the toilet image is old, and from Hong Kong.",X posts,https://www.politifact.com/factchecks/2024/sep/24/tweets/no-this-isnt-a-photo-of-a-toilet-destroyed-by-an-e/,c304d2de-f5c0-4b5a-920c-921a7e047dce
Videos show Kamala Harris intoxicated.,false,"Text above the video said police officers had determined that Harris was intoxicated. The first post shared a video of Harris remaining seated on the first night of the DNC in Chicago as those around her stood and applauded. Many of the social media posts shared clips of Harris’ comments that have gone viral and said they show Harris was drunk — such as when Harris described her mother asking, ""You think you just fell out of a coconut tree?""",Social Media,https://www.politifact.com/factchecks/2024/aug/22/social-media/no-social-media-videos-do-not-show-kamala-harris-i/,6132b9c1-d387-4853-9090-7b4e74f5e773
Charlie Kirk X post about iPhone storage reveals his top app is Grindr.,pants-fire,"A Threads post that claims to show Kirk accidentally revealed in an X post that he uses the gay dating app Grindr used an altered image. An Aug. 27 Threads post shared a screenshot of an X post that showed what it claimed was a social media post from Kirk. The X post claimed Kirk wrote, ""Went to check my phone storage and saw the woke gay agenda is alive and well.",Threads posts,https://www.politifact.com/factchecks/2024/aug/29/threads-posts/fake-x-post-shared-to-falsely-claim-charlie-kirk-r/,e515218a-3dad-4107-b7f1-904a2d4cdff9
Says Colin Kaepernick said he “will go to Russia if not properly respected in the United States.”,false,"""Colin Kaepernick says he’ll leave Russia if he doesn’t get the respect he deserves in the U.S. - This is SATIRE,"" said a Sept. 10 Facebook post from SpaceX Fanclub, which notes that ""nothing on this page is real."" We rate claims Kaepernick said he would leave the United States for Russia False. ""Colin Kaepernick: ‘Will go to Russia if not respected properly in the United States,’"" a Sept. 13 post said.",Facebook posts,https://www.politifact.com/factchecks/2024/sep/20/facebook-posts/colin-kaepernick-isnt-russia-bound-this-claim-orig/,dd00cf36-dbfb-4f37-925e-602c1d8f8a33
"In Pompano Beach, Florida, Somali immigrants illegally in the U.S. were in line to get driver’s licenses and “all you need to vote is a driver's license.”",false,"A video shared on social media claimed to show Somali immigrants in line to get driver’s licenses in Pompano Beach, Florida, and said, ""All you need to vote is a driver's license."" A video shared across social media showed what it said were hundreds of Somalis illegally in the U.S. lined up to get driver’s licenses in south Florida. Florida law prohibits immigrants in the U.S. illegally from getting driver’s licenses.",Instagram posts,https://www.politifact.com/factchecks/2024/aug/07/instagram-posts/video-spreads-misinformation-about-immigrants-in-t/,072ce092-4da0-4c16-a4cf-b9ca8ef854d6
"“When Tim Walz was asked by his country to go to Iraq, do you know what he did? He dropped out of the Army and allowed his unit to go without him.”",barely-true,"The Minnesota National Guard said the battalion then received an official order about mobilizing for deployment to Iraq in July 2005, after Walz retired. Walz retired from the Minnesota National Guard in May 2005. Al Bonnifield, who served with Walz in the Minnesota National Guard, told Minnesota Public Radio in 2018 that Walz weighed his retirement from the guard and congressional run ""very heavy.""",JD Vance,https://www.politifact.com/factchecks/2024/aug/09/jd-vance/jd-vance-attacked-tim-walz-on-military-record-his/,3d12e81a-7b84-4a33-b09a-300703b332de
President Joe Biden “killed his first wife.”,pants-fire,"""Yall know Biden killed his first wife and blamed it on a drunk driver and the man hadn’t even been drinking and the police reports have been lost,"" the July 18 post said. We rate claims that Biden killed his first wife Pants on Fire! Nealia Biden, 30, was driving the family’s station wagon Dec. 18, 1972, when she and Biden’s infant daughter, Naomi, were killed in a collision.",Instagram posts,https://www.politifact.com/factchecks/2024/jul/31/instagram-posts/president-joe-bidens-first-wife-died-in-a-collisio/,5acbdc84-19f3-458b-a59c-b271883d4955
“Chiefs' Coach Andy Reid criticizes Taylor Swift: ‘You’re not a good role model.’”,false,"""Chiefs coach Andy Reid confronts Taylor Swift ‘You’re not a good role model,’"" said a July 1 post on the SpaceX Fanclub Facebook account. ""Chiefs' Coach Andy Reid criticizes Taylor Swift: ‘You’re not a good role model,’"" a Sept. 17 Facebook post said. ""I think it's great for him,"" Reid said.",Facebook posts,https://www.politifact.com/factchecks/2024/sep/20/facebook-posts/fake-news-story-about-chiefs-coach-criticizing-tay/,aa8e75db-dadb-4dcf-86d3-3485b7ea1910
“Donald Trump posted this photo of Taylor Swift saying that she was crying because she lost over $150 million worth of merchandise.”,false,"""So, Donald Trump posted this photo of Taylor Swift saying that she was crying because she lost over $150 million worth of merchandise boycotting because she endorsed Kamala Harris,"" a person in the video said. ""Trump posts photo of Taylor Swift crying,"" read text in the video that also included a screenshot of an X post from an account called ""Donald J. Trump News."" Finally, the images of Swift used in the X post struck a nerve for some Swift fans and distressed the mother of a boy who died from cancer before his fourth birthday and inspired Swift to write a song about him.",Threads posts,https://www.politifact.com/factchecks/2024/sep/18/threads-posts/a-donald-trump-fan-account-not-the-former-presiden/,f973a114-b563-4b3a-84a1-888036918cef
"“Even before the pandemic, (Donald Trump) lost manufacturing jobs, by most people’s estimates at least 200,000.”",barely-true,"About 200,000 manufacturing jobs were lost during Trump’s entire tenure, not just the prepandemic period. But the 200,000 jobs figure she cites includes manufacturing job losses during Trump’s entire presidency, not just the prepandemic period. Bureau of Labor Statistics data shows that manufacturing sector employment fell by 48,000 from its prepandemic peak in January 2019 to February 2020, the month before the pandemic hit the U.S. That’s a quarter of the number of jobs Harris said were lost before the pandemic.",Kamala Harris,https://www.politifact.com/factchecks/2024/sep/26/kamala-harris/kamala-harris-exaggerates-scale-of-prepandemic-man/,2d579d0b-83bd-4e09-a9b2-77bb0839db81
"""Tim Walz firmó una ley para dar licencia de conducir a inmigrantes ilegales en Minnesota"".",true,La ley entró en vigor el 1 de octubre de 2023. La población de Minnesota es de unos 5.7 millones de habitantes. obtener una licencia de conducir estándar o tarjeta de identificación de Minnesota.,Byron Donalds,https://www.politifact.com/factchecks/2024/aug/09/byron-donalds/tim-walz-firmo-ley-que-permite-a-inmigrantes-ilega/,eceb5f9b-0359-4117-9d92-75c6ce81dd22
"“ABC lost $27M in ad revenue after advertisers pulled ads from the network after the way they hosted the debate"" on Sept. 10.",pants-fire,"We searched using Google and the Nexis news database and found no credible reports that ABC lost advertisers or ad revenue because of its handling of the Sept. 10 presidential debate in Philadelphia. RELATED: No, ABC News did not fire presidential debate moderators David Muir and Linsey Davis RELATED: Fact-checking Kamala Harris and Donald Trump’s first 2024 presidential debate PolitiFact rated claims that ABC fired the debate moderators Pants on Fire!",Threads posts,https://www.politifact.com/factchecks/2024/sep/15/threads-posts/claim-that-abc-lost-27-million-in-ad-revenue-after/,d9a4af90-8858-4917-b5e6-8bb16aa6c3c8
Sen. Rick Scott does not support abortion exceptions.,false,"Scott has also said he prefers abortion limits at 15 weeks of pregnancy, with exceptions for rape, incest and the life of the pregnant woman, because he believes that’s what most Americans support. He has said that, if he were Florida’s governor, he would have signed the state’s current six-week abortion ban, which includes exceptions for rape and incest through 15 weeks of pregnancy and the pregnant woman’s health and life. Mucarsel-Powell said Scott does not support abortion exceptions.",Debbie Mucarsel-Powell,https://www.politifact.com/factchecks/2024/aug/14/debbie-mucarsel-powell/in-spanish-ad-debbie-mucarsel-powell-misleads-on-r/,6e7758cb-c82b-4a0d-b46a-ae01ed797cd9
El 31 de julio de 2024 confirmaron el fallecimiento del expresidente Donald Trump en un accidente de helicóptero.,false,"El expresidente sufrió un intento de asesinato el 13 de julio en un mitin en Butler, Pensilvania, pero Trump dijo que ya se recuperó de una herida de bala en su oreja derecha. Trump tiene programados mítines de campaña en Atlanta, Georgia, el 3 de agosto y en Bozeman, Montana, el 9 de agosto, según su página oficial de campaña. ""EL MUNDO DE LUTO… ..FALLECE NUESTRO GRAN #IDOLO..EN ACCIDENTE CONFIRMAN LA NOTICIA EN LA MAÑANA DE HOY.."", dice la publicación en Facebook del 31 de julio.",Facebook posts,https://www.politifact.com/factchecks/2024/aug/02/facebook-posts/no-el-expresidente-donald-trump-no-fallecio-en-un/,6f516a42-2cf0-4987-a92b-9d891a487f0c
“TD Jakes MYSTERIOUSLY VANISHES: The search for the renowned bishop begins!”,false,"On Sept. 20, when this Facebook post about Jakes’ supposed disappearance was published, the T.D. a Sept. 20 Facebook post said. A video in the post claims that Bishop T.D.",Viral image,https://www.politifact.com/factchecks/2024/oct/01/viral-image/the-good-word-texas-megachurch-pastor-td-jakes-isn/,24bdd18a-a59e-456d-b980-51c3e80e8c34
"Photo shows a child “saved” by Deputy Ryan Braidley in Elko County, Nevada.",false,"We rate claims this photo shows a child found in Elko County, Nevada, by Deputy Ryan Braidley False. The Elko County Sheriff’s Office confirmed to PolitiFact that no Ryan Braidley works there. ""Deputy"" isn’t typically a title at police departments such as Elko’s, but no Ryan Braidley works there, either.",Facebook posts,https://www.politifact.com/factchecks/2024/sep/05/facebook-posts/viral-post-about-a-lost-child-in-elko-county-nevad/,5f0e47bd-2573-4e72-be44-6180d5ced03a
"“Gordon Ramsay calls Tim Walz a ‘woke creep,’ throws him out of Hell’s Kitchen.”",false,"""Gordon Ramsay calls Tim Walz a ‘woke creep,’ throws him out of Hell’s Kitchen,"" a Sept. 6 Facebook post said, referring to a Ramsay restaurant with seven locations across the country, including Washington, D.C. A Facebook page that posts satirical content shared the claim Sept. 4 on its account with one major caveat: it was clearly ""rated satire,"" whereas the Sept. 6 Facebook post included no such label. This post was flagged as part of Meta’s efforts to combat false news and misinformation on its News Feed.",Facebook posts,https://www.politifact.com/factchecks/2024/sep/12/facebook-posts/gordon-ramsay-didnt-kick-minnesota-gov-tim-walz-ou/,58fe553e-262c-4bb6-9506-97081b4ebecf
"Photo shows Gatlinburg, Tennessee, flooded on Sept. 30, 2024.",false,"That’s because ""this is an AI photo and not real,"" the city of Gatlinburg said on X in response to an account sharing the image and wrongly describing it as showing Gatlinburg on Sept. 28. We rate claims this is an authentic photo of Gatlinburg flooded False. A few days later, the city shared a post from the city’s convention and visitors bureau, which noted Gatlinburg wasn’t even flooded.",Viral image,https://www.politifact.com/factchecks/2024/oct/03/viral-image/fabricated-photo-appears-to-show-gatlinburg-tennes/,f384c72e-58c0-476f-8f4a-027bbccf9014
ABC News fired presidential debate moderators David Muir and Linsey Davis.,pants-fire,The Facebook post links to an article that said ABC News released a statement Sept. 11 that the network fired Muir and Davis for fact-checking Trump and asking Vice President Kamala Harris’ questions. We rate the claim that ABC News fired debate moderators Muir and Davis Pants on Fire! We searched Google and the Nexis news database and found no reports about ABC News firing Muir and Davis.,Facebook posts,https://www.politifact.com/factchecks/2024/sep/13/facebook-posts/no-abc-news-did-not-fire-presidential-debate-moder/,d56896de-945c-4c9b-b9b5-cbd7da9552ed
"“Kansas City Chiefs CEO bans Taylor Swift from attending games, calling her the team’s ‘biggest distraction.’”",false,"In August, Bloomberg News reported that Hunt said Swift had helped to boost the Chiefs’ fan base by 30%. The Chiefs have issued no press releases about a Swift ban, and we found no public statements from Hunt saying as much. And this particular new claim about Swift and Chiefs CEO Clark Hunt has appeared on at least one Facebook page that notes ""nothing on this page is real.""",Facebook posts,https://www.politifact.com/factchecks/2024/sep/20/facebook-posts/no-kansas-city-chiefs-ceo-clark-hunt-didnt-ban-tay/,6c9e5198-dbdc-4066-b7e2-bf90dbe555e6
"Nevada Sen. Jacky Rosen said the Biden administration did a ""tremendous job"" on the U.S. military’s Afghanistan withdrawal.",barely-true,"Brown said Rosen said the Biden administration did a ""tremendous job"" on the Afghanistan withdrawal. We asked Brown for evidence Rosen said Biden did a ""tremendous job"" on the withdrawal. Rosen campaign spokesperson Johanna Warshaw said Rosen’s ""tremendous job"" comment referred to officials working quickly to abide by the Aug. 31, 2021, deadline to get Americans out of the country quickly as the Taliban took over.",Sam Brown,https://www.politifact.com/factchecks/2024/sep/26/sam-brown/did-nevada-sen-jacky-rosen-say-joe-biden-did-a-tre/,b5c807d3-1b80-4e7e-944d-f448ad670d4e
"""In Springfield (Ohio), they're eating the dogs, the people that came in, they're eating the cats. They're eating, they're eating the pets of the people that live there.”",pants-fire,"Springfield Mayor Rob Rue at a Sept. 10 city commission meeting reiterated that there were no credible or specific claims about Haitian immigrants stealing and eating pets. Trump said that in Springfield, Ohio, Haitian immigrants are ""eating the pets of the people that live there."" A city spokesperson and Springfield police said they have received no credible reports that pets are being abducted and eaten by the immigrants.",Donald Trump,https://www.politifact.com/factchecks/2024/sep/11/donald-trump/trump-repeats-baseless-claims-that-haitian-immigra/,023c84f0-43f0-4469-aa99-7fae0f5e1c7e
"“BREAKING: Illegal Aliens in San Diego, California, tried to hijack 2 school buses filled with children.”",false,"Although groups of people approached buses on two separate occasions, accounts from Jamul-Dulzura Union School District Superintendent Liz Bystedt, the San Diego County sheriff’s office and local news reports said there was no attempted hijacking. On Aug. 27 and 28, groups of people approached Jamul-Dulzura Union School District buses on Highway 94 in San Diego County. The claims trace to events Aug. 27 and 28 when groups of people approached two Jamul-Dulzura Union School District buses on Highway 94 in Dulzura, an unincorporated part of San Diego County.",Social Media,https://www.politifact.com/factchecks/2024/sep/04/social-media/fact-checking-the-false-claim-that-migrants-tried/,43c45a09-ebda-42b7-a81d-f38979d44038
Minnesota Gov. Tim Walz signed a bill “redefining ‘sexual orientation’ to include pedophiles.”,false,"Before the bill passed, Republican state Rep. Harry Niska added language to the bill that said: ""The physical or sexual attachment to children by an adult is not a protected class under this chapter."" The bill amended the definition of ""sexual orientation"" to remove a line that said: ""‘Sexual orientation’ does not include a physical or sexual attachment to children by an adult."" RNC Research, an X account run by former President Donald Trump’s campaign and the Republican National Committee, posted Aug. 6 that Walz signed a bill into law ""removing ‘physical or sexual attachment to children by an adult’ from (Minnesota’s) human rights law — redefining ‘sexual orientation’ to include pedophiles.""",Social Media,https://www.politifact.com/factchecks/2024/aug/16/social-media/no-tim-walz-didnt-sign-a-bill-giving-legal-protect/,00bc2bda-710b-4efb-aa7a-90bc44e5cb14
"""Kamala Harris aboga por censurar X en Estados Unidos al estilo de Brasil si es elegida presidenta en noviembre”.",false,"Twitter suspendió la cuenta de Trump el 8 de enero de 2021, después de que usara la plataforma para alentar a sus seguidores a protestar por los resultados de las elecciones de 2020 el 6 de enero de 2021. La misma regla tiene que aplicarse, que es que tiene que haber una responsabilidad que recaiga sobre estos sitios de redes sociales para que comprendan su poder. La misma regla tiene que aplicarse, que es que tiene que haber una responsabilidad que recaiga sobre estos sitios de redes sociales para que comprendan su poder.",Instagram posts,https://www.politifact.com/factchecks/2024/sep/06/instagram-posts/no-kamala-harris-no-dijo-que-censurara-x-si-es-ele/,40d1a0ca-9227-4086-8eb7-b4cee1ec2fa6
"“During Covid, Tim Walz rationed access to monoclonal antibody treatments based on skin color.”",barely-true,"Minnesota later designed a scoring system first used in December 2021 that assigned people points, on a scale of zero to 25, based on categories of clinical risk from COVID-19, The program used the Mayo Clinic’s Monoclonal Antibody Screening Score, but added categories for pregnant women and Black, Indigenous and people of color as risk factors. Minnesota’s health department cited the FDA’s guidance in 2021 emergency-use approvals for monoclonal antibody treatments that ""in addition to certain underlying health conditions, race and ethnicity ""may also place individual patients at high risk for progression to severe COVID-19."" Kirk’s claim that Minnesota rationed health care by skin color has elements of truth in that a scoring system awarded patients who were Black, Indigenous or people of color 2 points, the same as patients with diabetes or cardiovascular disease and more than a patient with hypertension.",Charlie Kirk,https://www.politifact.com/factchecks/2024/aug/14/charlie-kirk/did-tim-walz-discriminate-against-white-people-cla/,8f992d04-8104-4359-80d3-8c928ee4334e
“Netflix stock tumbles almost 40%” after the company donated to Kamala Harris’ campaign.,false,"We rate claims that Netflix’s stock tumbled after the company donated to Harris’ presidential campaign False. Spoiler alert: Netflix’s stock didn’t plummet 40% after the company donated to Vice President Kamala Harris’ presidential campaign, contrary to viral social media posts. But the article and social media posts falsely claim that the donation came from the company, rather than Hastings.",Facebook posts,https://www.politifact.com/factchecks/2024/jul/30/facebook-posts/claim-that-netflix-stock-fell-after-it-donated-to/,b91767fe-de5f-4d54-88d2-e1b510658bca
"“In 12 states, children born alive after a failed abortion have no legal protection, and in three more states children born alive after an abortion had legal rights that governors — like Tim Walz — repealed.”",false,"Perkins said, ""In 12 states, children born alive after a failed abortion have no legal protection, and in three more states children born alive after an abortion had legal rights that governors — like Tim Walz — repealed."" In a Sept. 11 Facebook post, Tony Perkins, president of the anti-abortion Family Research Council, wrote, ""In 12 states, children born alive after a failed abortion have no legal protection, and in three more states children born alive after an abortion had legal rights that governors — like Tim Walz — repealed."" Every person who is born has protections under federal and state laws.",Tony Perkins,https://www.politifact.com/factchecks/2024/sep/18/tony-perkins/no-legal-protections-for-born-alive-babies-in-some/,1aaab7a7-65b1-4870-a4a6-60580cfbaf52
Vice President Kamala Harris “endorsed free taxpayer-funded government health care for all illegal aliens.”,barely-true,"Harris has not expressly said she supports free, taxpayer-supported health coverage for immigrants who are in the country illegally. Harris signaled in 2019 that her Medicare for All proposal would cover immigrants who are in the country illegally. Republicans have sought to portray Harris as extreme on immigration and assert that  she supports free, taxpayer-funded health benefits for immigrants who are in the country illegally.",Donald Trump,https://www.politifact.com/factchecks/2024/jul/31/donald-trump/gop-charge-that-kamala-harris-backed-taxpayer-fund/,3d1ac2fd-f3a8-40c8-aafc-d85d8ed6bab9
"Says Elon Musk posted on X, “Any harassment of Trump supporters using the term ‘weird’ will be punished.”",false,"An Aug. 7 Instagram post sharing an image of the purported X post was flagged as part of Meta’s efforts to combat false news and misinformation on its News Feed. The image in the Instagram post includes no such logo. ""‘Weird’ is being used as a slur against Trump supporters, and it will not be tolerated on this platform,"" reads what looks like a July 30 X post from Musk.",Viral image,https://www.politifact.com/factchecks/2024/aug/15/viral-image/no-elon-musk-didnt-say-x-users-will-be-punished-fo/,7f3682e4-93d1-442c-9e72-31b3b4c6ac1f
“Taylor Swift’s manager confirms: ‘Ticket sales are dead after Harris endorsement backlash.”,false,"We rate claims this is an authentic quote from Swift’s manager False. We also found no credible evidence, such as news stories or public statements, that anyone who works with Swift has said ticket sales are dead because of the endorsement. We searched for the purported quote from Swift’s manager and found it originated on a self-described satire site.",Facebook posts,https://www.politifact.com/factchecks/2024/oct/09/facebook-posts/taylor-swift-manager-didnt-say-ticket-sales-are-de/,8accd14c-bdef-48ef-9b21-866576e9acb9
“A staffer reveals that Kamala Harris doesn’t actually own a gun.”,pants-fire,"The exchange in the video was significantly sped up and captions appearing Elrod as she speaks reads: ""She doesn’t own a firearm."" The original footage of this exchange makes clear that Elrod doesn’t say ""she doesn’t own a firearm."" We rate claims a staffer said Harris doesn’t own a gun Pants on Fire!",Instagram posts,https://www.politifact.com/factchecks/2024/sep/23/instagram-posts/no-kamala-harris-spokesperson-didnt-say-the-democr/,b9178239-0f05-4294-9945-2a720b546470
"Mike Rogers “left Michigan to trade on his D.C. connections, helping Chinese tech companies get access to the U.S.”",false,"In an ad, Slotkin’s campaign said Rogers was ""helping Chinese companies get access to the U.S.""  Rogers worked for AT&T while it was pursuing deals with Chinese phone companies to sell their devices in the U.S. Rogers worked for American tech companies that had connections to Huawei — including AT&T and Nokia. In the letter, which the Rogers campaign provided to PolitiFact, Rogers’ lawyers wrote that Rogers ""has never worked for any Chinese tech companies, including ZTE and Huawei.""",Elissa Slotkin,https://www.politifact.com/factchecks/2024/aug/23/elissa-slotkin/claim-that-senate-candidate-mike-rogers-worked-to/,8a47609e-080b-440f-b93f-7de2643559d0
Kamala Harris voted in favor of passing a law in 2022 to tax tips.,false,"The claim that the IRS would hire 87,000 IRS agents came from a 2021 Department of Treasury report that said the IRS would use the $80 billion from the Inflation Reduction Act to hire 86,852 full-time employees. The IRS did propose a tip reporting program in 2023 that would let service industry employers report tips voluntarily to help with tax compliance. And the IRS tip reporting program is a voluntary program that would replace existing tax compliance programs.",Instagram posts,https://www.politifact.com/factchecks/2024/aug/15/instagram-posts/no-kamala-harris-didnt-vote-in-2022-for-a-law-that/,d42a0c5c-e67c-451e-9ff5-c4ca7b423a70
“There’s no such thing as menopause.”,pants-fire,"Numerous clinics, groups of health care professionals and medical research organizations say menopause exists, and generally define it as the point at which a woman has naturally gone 12 months without a menstrual period. Cleveland Clinic: ""Menopause is a point in time when a person has gone 12 consecutive months without a menstrual period. Menopause is a natural part of aging and marks the end of your reproductive years.""",Facebook posts,https://www.politifact.com/factchecks/2024/aug/30/facebook-posts/fact-checking-the-pants-on-fire-claim-that-theres/,2fffe149-66fc-4265-a582-2bb6e7512056
"“Sen. Jacky Rosen voted to increase taxes on families making less than $75,000 a year.”",barely-true,"A One Nation ad said Rosen ""voted to increase taxes on families making less than $75,000 a year."" Republican-backed groups making claims similar to the One Nation ad have relied on a 2022 Joint Committee on Taxation Inflation Reduction Act analysis that showed an increased tax burden in every bracket. One Nation has released three other ads since June, all saying Rosen voted to increase taxes on families making less than $75,000.",One Nation,https://www.politifact.com/factchecks/2024/sep/09/one-nation/conservative-group-misleads-on-jacky-rosens-inflat/,0be5e47e-3534-46d3-89b0-c6e394a7d69d
"""Missouri registered 78,421 in just one week of February of this year. Out of that number, 23,253 were dead people!""",false,"The Help America Vote Verification database shows the number of verification requests sent by a state’s election office to confirm a person’s eligibility to vote — not the number of people who registered to vote in a given week — a Social Security Administration spokesperson said in a statement sent to PolitiFact. It does not tally the number of people who are registered to vote or who are trying to register to vote. ""Under the Help America Vote Act, when a voter registrant does not have a driver’s license, states are permitted to submit the voter registrant’s name, date of birth and last four digits of their Social Security number to the Social Security Administration for verification,"" the statement said.",Instagram posts,https://www.politifact.com/factchecks/2024/oct/04/instagram-posts/no-missouri-did-not-register-78421-people-to-vote/,2eb014eb-8f63-412d-b275-a19e9d2c9b46
"Haitians are responsible for the disappearance of 16 cats in Bangor, Maine.",pants-fire,"The post includes video from an Aug. 29 News Center Maine broadcast about ""at least 16 cats"" that had disappeared from a Bangor neighborhood, Fairmount. McAmbley also shared a statement from Bruen, who said she believes both humans possibly stealing cats and wildlife are to blame for the missing cats, which ""must be close to 20 by now."" ""Bangor’s animal control officer, Trisha Bruen, said she believes the cats were killed by wildlife,"" the reporter says in the segment.",Instagram posts,https://www.politifact.com/factchecks/2024/sep/26/instagram-posts/lies-about-haitians-killing-pet-cats-spreads-from/,2ebdba49-cc9f-4f85-b839-d57c7f4515b1
Pallets of bricks were left all over the streets of Chicago before the Democratic National Convention.,false,"PolitiFact rated a similar claim False about pallets of bricks being found near locations of DNC-related protests. PolitiFact fact-checked those claims in 2020, finding that officials in cities across the U.S. said there was no connection between pallets of bricks and Black Lives Matter protests. The posts also say that bricks were found near Black Lives Matter protests in 2020 to incite violence.",X posts,https://www.politifact.com/factchecks/2024/aug/23/tweets/bricks-did-not-mysteriously-appear-in-chicago-befo/,ae7e997d-f9ae-48d9-8eb5-43d1d5355973
Says U.S. Sen. Tammy Baldwin “has done absolutely nothing” about the fentanyl crisis.,false,"Hovde went on to say that Baldwin was merely one in a long list of co-sponsors on a recent fentanyl bill that was introduced by a Republican lawmaker. Hovde claimed Baldwin ""has done absolutely nothing"" to address the fentanyl crisis in Wisconsin. Hovde’s campaign argued that on the bill that passed, Baldwin was not a major factor.",Eric Hovde,https://www.politifact.com/factchecks/2024/aug/22/eric-hovde/hovde-misses-mark-on-claim-that-baldwin-has-done-a/,0649f8d2-58e1-4c18-971e-d40421fd07c7
“Dave McCormick is fully against abortion.”,barely-true,"But during the 2024 campaign, McCormick has said he would not support a national abortion ban. During the 2024 campaign, though, McCormick has softened his abortion position and said if elected, he would oppose a national abortion ban if it were proposed. The article’s author wrote: ""David McCormick — who's facing a heated primary with his Trump-backed opponent, Mehmet Oz — said during a debate in Harrisburg last month he's fully against all scenarios involving abortion, apart from ‘in the very rare instances there should be exceptions for the life of the mother.’""   During that 2022 debate, the moderator asked McCormick whether he believes there should be exceptions to abortion laws for rape, incest and when the pregnant woman’s life is at risk.",WinSenate,https://www.politifact.com/factchecks/2024/oct/12/winsenate/democratic-ad-overstates-dave-mccormicks-abortion/,b73ad273-ac89-4c30-82e2-6f7f1a047808
“Mark Wahlberg y Mel Gibson invierten 500 millones de dólares para el primer estudio de producción de la industria centrado en los valores tradicionales”.,false,"Una publicación en Facebook dice que los actores Mark Wahlberg y Mel Gibson invirtieron millones de dólares en un estudio de producción con valores tradicionales. ""Mark Wahlberg y Mel Gibson invierten 500 millones de dólares para el primer estudio de producción de la industria centrado en los valores tradicionales"", dice la publicación del 21 de agosto. La imagen en la publicación en Facebook tiene como titular en inglés la supuesta noticia de que Wahlberg y Gibson invirtieron en un estudio.",Facebook posts,https://www.politifact.com/factchecks/2024/aug/26/facebook-posts/mark-wahlberg-y-mel-gibson-no-invierten-en-estudio/,41a7caa4-8bb2-4406-a53f-1dc602b96255
“Prices are up because these corporations are scheming to drive them up.”,barely-true,"Barrett, of Cornell University, said evidence that corporate price markups are causing rising prices has ""grown over time."" There is evidence that corporate profits are rising faster than inflation. However, it also noted that food and beverage retailers’ annual profits — or the amount they make above total costs — remain high, which the report said ""casts doubt on assertions that rising prices at the grocery store"" are because of retailers’ rising costs.",Bob Casey,https://www.politifact.com/factchecks/2024/aug/28/bob-casey/sen-bob-casey-said-prices-are-up-because-of-schemi/,d4ae9537-19eb-4089-a118-9e8dd2c36111
Image shows “P Diddy with Kamala Harris.”,false,"But one Threads post mischaracterizes an image of Vice President and 2024 Democratic presidential nominee Kamala Harris. ""Here is P Diddy with Kamala Harris,"" text above the image says. The person in the image isn’t Combs but talk show host Montel Williams, whom Harris once dated.",Viral image,https://www.politifact.com/factchecks/2024/sep/20/viral-image/image-shows-kamala-harris-and-montel-williams-not/,026129c9-7d60-442c-8a92-6d7873a26b49
“Portugal lanza monedas de 7 euros para honrar al legendario futbolista Cristiano Ronaldo”.,false,"Las dos monedas conmemorativas en circulación son una de los 50 años del 25 de abril de 1974, la Revolución de los Claveles, que acabó con 48 años de dictadura en el país. Y otra de la participación de Portugal en los Juegos Olímpicos de París. Siwei Lyu, profesor de la universidad de Buffalo, dijo que las imágenes presentan muestras de inteligencia artificial.",Facebook posts,https://www.politifact.com/factchecks/2024/sep/20/facebook-posts/falso-portugal-no-lanzo-monedas-de-7-euros-con-la/,2eadac76-c2f0-413b-a4d7-8d60522d19d5
2023 FEMA webinar shows the agency is prioritizing its relief efforts around LGBTQ+ people,false,X posts shared a clip of a 2023 FEMA webinar and cited it as evidence that FEMA is prioritizing LGBTQ+ people in its disaster response. This webinar was a discussion among FEMA and non-FEMA representatives about improving disaster preparedness for LGBTQ+ people; it was not about FEMA’s general disaster response. But this video does not show that FEMA has prioritized LGBTQ+ people in its relief efforts.,X posts,https://www.politifact.com/factchecks/2024/oct/11/tweets/clip-from-lgbtq-fema-webinar-goes-viral-without-co/,f0b756fb-83c7-4dfd-91dc-cd89e7555f8a
CNN reported that the Apalachee High School shooting suspect was motivated by a “lack of trans acceptance.”,false,"The CNN article did not use this wording and by the time this Instagram post was made, CNN had clarified what the Discord account said about transgender people. CNN also reported in that article that the Discord account ""expressed frustration with the acceptance of transgender people,"" according to a Sept. 5 archive of the CNN article page. A Sept. 7 Instagram post shared a screenshot of an X post that claimed the suspect was driven by a ""lack of trans acceptance,"" citing CNN’s reporting.",Instagram posts,https://www.politifact.com/factchecks/2024/sep/11/instagram-posts/posts-misconstrue-cnn-report-on-suspects-motive-in/,05d014d8-e604-40a3-9b5d-e83d9bba84a4
“El Proyecto 2025 quiere deshacerse de la NOAA” y del Servicio Nacional de Meteorología.,half-true,"Rick Thoman, un especialista climático de Alaska en la Universidad de Alaska Fairbanks, dijo que el lenguaje ambiguo del Proyecto 2025 hizo difícil evaluar si este llama a la eliminación de la NOAA y el Servicio Nacional de Meteorología. ¿Qué dice el Proyecto 2025 sobre la NOAA y el Servicio Nacional de Meteorología de Estados Unidos? El Proyecto 2025 incluye alrededor de cuatro páginas sobre la NOAA y el Servicio Nacional de Meteorología.",Jared Moskowitz,https://www.politifact.com/factchecks/2024/sep/27/jared-moskowitz/que-dice-el-proyecto-2025-del-servicio-nacional-de/,de698357-ac87-4527-bf6e-d587b2c3415d
"Kamala Harris ""let in the 13,099 convicted murderers and opposes all efforts to find them and to remove them.""",false,"Immigration and Customs Enforcement does not provide the year people who were convicted of crimes entered the U.S. People cannot be indefinitely in immigration detention: Immigration law requires people convicted of aggravated felonies, such as homicide, be detained. There are several reasons why people convicted of crimes are not in immigration detention.",Donald Trump,https://www.politifact.com/factchecks/2024/oct/02/donald-trump/why-donald-trumps-claim-that-kamala-harris-let-in/,9f12c411-cdf8-415c-aad1-f45e1089e04d
“BREAKING: Apalachee High School shooter has been identified as non-binary trans girl Samantha Hyde.”,pants-fire,"Authorities identified the suspect in the Apalachee High School shooting as 14-year-old Colt Gray, a student at the Winder, Georgia, school. We rate the claim that the Apalachee High School shooter was identified as ""Samantha Hyde"" Pants on Fire! That Jackson County sheriff’s office report, which identified Gray as male, said nothing about Gray being nonbinary or transgender.",X posts,https://www.politifact.com/factchecks/2024/sep/05/tweets/samantha-hyde-was-not-the-apalachee-high-school-sh/,650a66cc-1669-4e18-ac96-194a173ae677
"“Elon Musk has announced his first robot girlfriend, with artificial intelligence.”",false,"The image of Musk seated in a restaurant with a humanoid robot is not real. ""Elon Musk has announced his first robot girlfriend, with artificial intelligence. Tech 4 Peace, an Iraqi fact-checking outlet and signatory of the International Fact-Checking Network, also reported that the image of Musk with the supposed girlfriend robot was created with artificial intelligence.",Facebook posts,https://www.politifact.com/factchecks/2024/aug/15/facebook-posts/this-image-of-elon-musk-dining-with-a-robot-girlfr/,5ab5286a-a2ac-407a-af23-550b4e7ff2ec
"Of Bernie Moreno, “Now, he’s arguing for a national abortion ban, no exceptions.”",half-true,"Brown’s campaign said in opposing the abortion access amendment, Moreno voted to uphold the six-week abortion ban with no exceptions for rape or incest. When he ran in Ohio’s 2022 Republican primary for Senate, Moreno said he opposed exceptions to abortion bans. In his 2024 campaign, Moreno has said he supports federal limits on abortion after 15 weeks, with exceptions.",Sherrod Brown,https://www.politifact.com/factchecks/2024/sep/19/sherrod-brown/sherrod-brown-claim-about-bernie-moreno-and-aborti/,38045faf-186f-4607-a8c4-915fe2017d10
"""Mark Zuckerberg, CEO de Meta, ha retirado la verificación” de Nicolás Maduro en Facebook e Instagram.",false,"Captura de pantalla de la página de Facebook de Nicolás Maduro del 1 de abril de 2022 en Archive.today. Captura de pantalla de la página de Instagram de Nicolás Maduro del 13 de noviembre de 2020 en Wayback Machine. Archivos de la cuenta de Instagram de Maduro de 2017, 2019 y 2020, no muestran el sello de verificación.",Facebook posts,https://www.politifact.com/factchecks/2024/aug/02/facebook-posts/meta-no-quito-sello-de-verificacion-de-cuentas-de/,5216f081-177c-4175-bf1f-0eca4f4c30d8
JD Vance holds “anti-marriage-equality views.”,half-true,"""I don't think it's actually about gay marriage, it is not about same-sex marriage or same-sex equality,"" Vance said. Vance and Transportation Secretary Pete Buttigieg contradicted each other when asked about Vance’s views of gay marriage. During an Oct. 10, 2022, televised Senate race debate between Vance and Rep. Tim Ryan, D-Ohio, Vance said he opposed the Respect for Marriage Act, then pending before Congress.",Pete Buttigieg,https://www.politifact.com/factchecks/2024/aug/16/pete-buttigieg/buttigieg-overstates-vances-views-on-gay-marriage/,9398d875-df34-4e3a-bed4-97cd409f4aa3
"On June 7, 2011, Kamala Harris was involved in a San Francisco hit-and-run crash that injured a woman named Alicia Brown.",pants-fire,"A viral video claimed that Harris was involved in a June 7, 2011, hit-and-run crash in San Francisco that injured a woman named Alicia Brown. San Francisco Police Department spokesperson Allison Maxie said the agency found no calls for service or other reports involving a hit-and-run or car crash in the vicinity of the intersection of Post and Jones streets on or around this date in 2011. In video clips shared Sept. 4 on X, a woman identified as ""Alicia Brown"" claimed Harris, the Democratic presidential nominee, drove a car that struck and injured her June 7, 2011.",X posts,https://www.politifact.com/factchecks/2024/sep/05/tweets/no-proof-kamala-harris-injured-a-person-in-2011-ca/,7cc2350f-c7c9-43b7-87f0-c477f53ff013
"The apparent assassination attempt against former President Donald Trump on Sept. 15, 2024, was “staged.”",pants-fire,"Social media users claimed the apparent assassination attempt against Trump on Sept. 15 was ""staged."" Soon after U.S. Secret Service agents intervened to stop a second assassination attempt against former President Donald Trump on Sept. 15, social media users started spreading conspiracy theories about the incident, including that it was staged. In July, when a gunman opened fire on Trump during a Butler, Pennsylvania, campaign rally and a bullet grazed Trump’s ear, social media users also falsely claimed that assassination attempt was staged.",X posts,https://www.politifact.com/factchecks/2024/sep/16/tweets/claims-that-an-apparent-assassination-attempt-agai/,e6037ba3-4924-4529-8cd7-edb6ca7e581d
Video shows former President Donald Trump freezing up.,false,"Thank you, thank you very much, thank you. Thank you. Thank you.""",Threads posts,https://www.politifact.com/factchecks/2024/aug/14/threads-posts/trump-didnt-suddenly-freeze-he-was-reacting-to-a-m/,d3ca08a0-e964-4616-97de-62d4bbce9972
“Biden Announces: ‘2.4 billion more to Ukraine’ but ‘no more aid for Hurricane Helene.’”,false,"A reporter asked whether there were more resources the federal government could be giving states, and Biden answered no and said the administration had preplanned a significant amount of aid that was already being deployed. We found other posts claiming that Biden said no more aid would be coming for states affected by the storm, with some tying it to aid for Ukraine. Social media posts claimed that Biden ""announced"" there would be billions in aid for Ukraine but no more aid for areas affected by Hurricane Helene.",Social Media,https://www.politifact.com/factchecks/2024/sep/30/social-media/no-link-between-ukraine-and-helene-aid-and-joe-bid/,ddc3ed92-d6cc-4dde-9949-9c7699dde09a
"Vice President Kamala Harris wore NOVA H1 audio earrings in the Sept. 10, 2024, presidential debate.",pants-fire,"We rate the claim that Harris was wearing the NOVA H1 earphone earrings during the presidential debate Pants on Fire! The NOVA H1 earrings and the earrings Harris wore during the debate may look similar because of a pearl in both designs, but upon closer inspection, they have important differences. Kelley said on her blog that Harris wore the same earrings during the presidential debate.",Social Media,https://www.politifact.com/factchecks/2024/sep/11/social-media/no-kamala-harris-was-not-wearing-audio-earrings-du/,c328372c-3533-46c1-89f2-5ae00549a093
"Charleroi, Pennsylvania, “has grown by 2,000% due to an influx in migrants.”",false,"Town officials said 700 to 2,000 immigrants have moved there over recent years, and there has been a significant rise in the number of students who are learning English in the school district. ""Take the small town of Charleroi, which has grown by 2,000% due to an influx in migrants,"" McCormick said in a recent post on X. McCormick said the Pennsylvania town of Charleroi has ""grown by 2,000% due to an influx in migrants.""",Dave McCormick,https://www.politifact.com/factchecks/2024/sep/19/dave-mccormick/dave-mccormick-exaggerates-charleroi-pa-population/,ba1c736f-1f7b-4da8-97ac-d1e1db6ae30b
"""ÚLTIMA HORA Río Nilo se pinta de rojo sangre"".",false,"Portavoces del Servicio Nacional de Turismo de Chile y de Paricota Tours, una agencia privada de turismo en Chile, confirmaron a PolitiFact que la imagen de la publicación en Facebook mostraba la Laguna Roja. En la página del gobierno chileno Chile.travel, encontramos una imagen de la creadora de contenido Victoria Ansaldo con la misma ropa que en la imagen compartida en la publicación en Facebook. Al hacer una búsqueda de imagen inversa de la publicación en Facebook, encontramos diversas páginas sobre la Laguna Roja en Chile.",Facebook posts,https://www.politifact.com/factchecks/2024/sep/12/facebook-posts/esta-foto-muestra-la-laguna-roja-en-chile-no-el-ri/,845b692c-b5c2-4995-b0a4-d7a0c987da6a
“iPhones exploding in Lebanon blowing up random people.”,false,"""iPhones exploding in Lebanon blowing up random people,"" said an X post accompanied by what looks like an exploded iPhone. But the image of the damaged iPhone is not from the Lebanon attacks. We rate the claim ""iPhones exploding in Lebanon blowing up random people,"" False.",X posts,https://www.politifact.com/factchecks/2024/sep/20/tweets/no-this-image-doesnt-show-an-iphone-that-exploded/,48fc0e2a-dc7f-4cd4-87c8-1e99e54eb443
"""Kid Rock heads to North Carolina with Millions in supplies. Taylor Swift Nowhere to be Found.”",false,"The claim that Kid Rock has donated millions in supplies in North Carolina while Taylor Swift was nowhere to be seen originated on a satirical website, but many users are sharing it as real. We found no credible news articles in a search of Google and the Nexis news database that Kid Rock has donated ""millions in supplies"" to North Carolina storm victims. Some social media posts are praising singer Kid Rock and chastising singer Taylor Swift for their responses to Hurricane Helene.",Threads posts,https://www.politifact.com/factchecks/2024/oct/13/threads-posts/claims-that-kid-rock-aided-storm-victims-while-tay/,88b47617-c0ca-4373-b80a-195cebc3c790
“Video shows Kamala (Harris) responding to someone talking through her earrings that she allegedly wore during the Trump vs. Harris debate.”,pants-fire,"""Video shows Kamala responding to someone talking through her earrings that she allegedly wore during the Trump vs. Harris debate,"" the Sept. 29 Instagram post said. During the debate, Harris wore pearl earrings. Let’s get a few things out of the way: The video doesn't show Harris talking to someone through her earrings, which are different than the pair she wore during the debate.",Viral image,https://www.politifact.com/factchecks/2024/sep/30/viral-image/hear-hear-this-video-doesnt-show-kamala-harris-tal/,dddf115c-910b-4ff0-a4fe-f02888db655d
“Breaking: Pete Buttigieg reveals that he is HIV-positive.”,pants-fire,"This claim about Transportation Secretary Pete Buttigieg is entirely invented, but stereotypes about gay men and HIV are part of a much older playbook. Gay and bisexual men still remain at high risk for contracting HIV, but people can take many steps to prevent infection. Although anyone can contract HIV, the stigma for gay men persists today.",X posts,https://www.politifact.com/factchecks/2024/oct/03/tweets/parody-account-spreads-false-claim-about-secretary/,06eb42ec-7810-4313-86be-62f09c79694c
"“The transgender thing is incredible... your kid goes to school and comes home a few days later with an operation. The school decides what’s going to happen with your child.""",pants-fire,"Trump’s campaign cited school policies that do not require teachers to notify parents if a student is transgender, but these policies do not mean a child can be given medical care or surgical care without parental consent. We asked National Association of School Nurses President Kate King what kind of medical care school nurses may give. Schools do not provide medical care without parental consent, let alone surgery.",Donald Trump,https://www.politifact.com/factchecks/2024/sep/05/donald-trump/trumps-pants-on-fire-claim-that-schools-are-perfor/,e3499f84-ad5d-4b2e-9d60-ebcfda9f7107
“Oprah is a sex trafficker. She’s been caught and now has to be escorted around” by U.S. marshals,false,"We rate the claim that Winfrey is a sex trafficker who must be escorted around by U.S. marshals Pants on Fire! ""She’s been caught and now has to be escorted around by the U.S. A U.S.",Threads posts,https://www.politifact.com/factchecks/2024/sep/25/threads-posts/no-us-marshals-dont-escort-oprah-winfrey-around/,4f7d0812-1dd1-451d-b932-e9c3995086c7
“Donald Trump said he was going to allow Medicare to negotiate drug prices. He never did. We did.”,true,"More importantly, the Most Favored Nation model did not authorize the government to negotiate prescription drug prices with manufacturers — the policy Trump promised to implement. As a presidential candidate in 2016, Donald Trump promised to let the government negotiate prescription drug prices directly with pharmaceutical companies. Harris, therefore, is correct that Trump never was able to open Medicare up to drug negotiations despite his sweeping campaign promises.",Kamala Harris,https://www.politifact.com/factchecks/2024/sep/30/kamala-harris/trump-never-managed-to-implement-rx-drug-price-neg/,dfe21513-d1a6-45fc-8646-857197baf90e
"“Unlike other amendments, Amendment 4 has no definitions. … Without definitions these words can mean almost anything.”",barely-true,"An anti-Amendment 4 ad in Florida says, ""Unlike other amendments, Amendment 4 has no definitions. ""Unlike other amendments, Amendment 4 has no definitions,"" the narrator said. ""Unlike other amendments, Amendment 4 has no definitions,"" the narrator said in a Vote No on 4 ad that aired during the Sept. 10 presidential debate.",Vote No on 4,https://www.politifact.com/factchecks/2024/sep/23/vote-no-on-4/floridas-amendment-4-on-abortion-is-short-does-a-l/,b84e74bd-f8fb-43a1-8258-167bf99687bd
The World Health Organization ordered governments to prepare for “mega lockdown” because of an mpox strain.,false,"The framework encourages countries to control mpox outbreaks, advance mpox research and limit transmission between animals and people. But the WHO has made no announcements about mpox lockdowns. The full article says the WHO has ordered governments ""to prepare to initiate tough new lockdowns"" after declaring mpox a public health emergency.",Instagram posts,https://www.politifact.com/factchecks/2024/aug/20/instagram-posts/no-the-who-has-not-ordered-global-mpox-lockdowns/,5c188a07-57c8-4727-8239-52e464d4cddf
"El expresidente Donald Trump “tiene la intención de promulgar lo que, en efecto, es un impuesto nacional sobre las ventas…que elevaría los precios para las familias de clase media a casi $4,000 al año”.",half-true,"El Instituto Urbano-Centro de Política Fiscal de la Institución Brookings, un grupo de expertos con sede en Washington D.C., calculó que los aranceles del 10% y el 60% reducirían colectivamente los ingresos medios después de impuestos de los hogares estadounidenses en unos $1,800. Durante su discurso de aceptación el 22 de agosto en la Convención Nacional Demócrata en Chicago, Harris también dijo que Trump ""tiene la intención de promulgar lo que, en efecto, es un impuesto nacional sobre las ventas — llámelo impuesto Trump — que elevaría los precios de las familias de clase media en casi $4,000 al año"". Aunque los aranceles se recaudan por separado de los impuestos, la mayoría de los economistas dicen que gran parte de su impacto se traslada a los consumidores.",Kamala Harris,https://www.politifact.com/factchecks/2024/sep/05/kamala-harris/los-aranceles-propuestos-por-donald-trump-costaria/,3d0e8937-810a-48d8-a6f0-8f6275bfc8a5
Video shows “the bunker-busting bombs that ended the lives of (Hassan) Nasrallah and Hezbollah’s leadership.”,false,"Another bombing of a residential building was shared Aug. 27 on X with a caption saying it was from the Nuseirat camp in Gaza. The X video that claims it shows the strike on Nasralla also contains other footage of Gaza airstrikes, including: A man and a child run as a building behind them is hit by a bomb, shared Aug. 17 on Facebook and labeled as being in Gaza. A video of a residential building was shared on Instagram in February with a caption saying it was from Gaza.",X posts,https://www.politifact.com/factchecks/2024/sep/29/tweets/video-compilation-doesnt-show-deadly-airstrikes-on/,3ec453f5-ec39-4276-8b19-ab0855492283
"""El crimen violento aumentó bajo Donald Trump"".",half-true,"Después de disminuir durante los primeros tres años de la presidencia de Trump, el aumento de la tasa de crímenes violentos en 2020 (su último año del republicano en el cargo) fue lo suficientemente grande como para borrar las disminuciones de los años anteriores de su mandato. Sin embargo, incluso considerando el repunte de 2020, la tasa de crímenes violentos en el último año de Trump fue aún más baja que en el último año de su predecesor, el presidente demócrata Barack Obama. La última parte de la declaración de Walz se refería a la condena de Trump en mayo de 2024 por 34 cargos de falsificación de registros comerciales en un esquema para encubrir un pago de dinero secreto a la actriz porno Stormy Daniels previo a las elecciones presidenciales de 2016.",Tim Walz,https://www.politifact.com/factchecks/2024/aug/09/tim-walz/tenia-razon-tim-walz-al-decir-que-los-crimenes-vio/,8a5ae101-fc27-49d0-a77f-e08fe217d318
Kamala Harris campaign ad “features a mother expressing regret for not having an abortion.”,pants-fire,"""BREAKING: New Kamala Harris campaign ad features a mother expressing regret for not having an abortion,"" the caption of an Oct. 2 X post read. The voice in the fake ad ""doesn’t sound quite like Harris in terms of the cadence or the intonations,"" he said. Harris didn’t release an ad that ""features a mother expressing regret for not having an abortion.""",X posts,https://www.politifact.com/factchecks/2024/oct/03/tweets/harris-speech-on-abortion-was-likely-ai-generated/,df622bfd-344b-4194-bdf8-8f22d420feb0
Patents dating back to the 1800s show that people can control the weather.,pants-fire,"Experts told PolitiFact that they knew of no technology that allows anyone to control the weather or create a hurricane, and denied that the meme’s patents proved weather control is possible. Our review of some of the patents found that not only do they not prove humans could control weather features such as hurricanes, but some appeared to have no direct connection to weather technology. Experts said they knew of no technology that could create or control hurricanes.",Marjorie Taylor Greene,https://www.politifact.com/factchecks/2024/oct/10/marjorie-taylor-greene/us-rep-marjorie-taylor-green-cited-patents-as-proo/,b8dceaba-a5a1-4976-b5b3-05a91cb2146b
"Hurricane Milton article is evidence they ""control and plan these storms.""",false,The Convoy of Hope article also was updated Oct. 7 to note that the hypothetical article had been taken down now that a real storm named Hurricane Milton was expected to hit Florida. An Instagram post claimed that an article about the effects of Hurricane Milton published before the storm hit the U.S. is evidence that storms are controlled and planned. The Hypothetical Hurricanes article about Milton now says the original article was deleted Oct. 7 to prevent misinformation.,Instagram posts,https://www.politifact.com/factchecks/2024/oct/08/instagram-posts/hurricane-milton-article-came-from-fictional-wiki/,6ba07c6c-b882-4093-98a9-37a78d9f69ed
Sen. JD Vance admitted he has a ‘rent-a-dog’ from the Trump campaign to make him “seem like a dog person.”,false,"The video shows Vance telling Carlson, ""He’s actually a rent-a-dog that was given to me by the campaign to make me seem like I’m a dog fan."" Vance did not call his dog a ""rent-a-dog."" Vance said his family has had Atlas since he was a puppy.",Social Media,https://www.politifact.com/factchecks/2024/sep/22/social-media/jd-vances-german-shepherd-atlas-is-his-actual-dog/,b3f64b3e-cac2-4d8a-9cc5-2990adab0380
"Photo shows missing couple Raymond Peterson and his wife, Sophie.",false,"Other Facebook posts featuring the same photo and narrative say Raymond Peterson and his wife Sophie were last seen in other places around the United States, such as ""Northeast Montana."" We rate claims this photo shows Raymond Peterson and his wife, Stephanie Menard, a couple missing from Texas, or any other state, False. One such post said the pair had been last seen in Wise County, Texas.",Facebook posts,https://www.politifact.com/factchecks/2024/sep/26/facebook-posts/no-this-isnt-a-photo-of-a-missing-texas-couple/,5f28249a-3c52-4a2a-8564-a849579bbf52
"Vice President Kamala Harris “cast the tiebreaking votes that caused the worst inflation in American history, costing a typical American family $28,000.”",barely-true,"Trump said Harris ""cast the tiebreaking votes that caused the worst inflation in American history, costing a typical American family $28,000."" However, most economists also agree that the American Rescue Plan exacerbated inflation but was not the sole cause. During a Sept. 7 rally in Mosinee, Wisconsin, Trump said that as vice president, Kamala Harris — his Democratic opponent — ""cast the tiebreaking votes that caused the worst inflation in American history, costing a typical American family $28,000.""",Donald Trump,https://www.politifact.com/factchecks/2024/sep/08/donald-trump/fact-checking-donald-trump-on-the-scale-and-causes/,234f1a21-b07f-455d-b505-aa476d013eaf
Mike Rogers supported “laws that could eliminate IVF and birth control.”,half-true,"Slotkin said Rogers supported ""laws that could eliminate IVF and birth control."" IVF could still be legal under personhood laws, but experts said the procedure would likely be more expensive and have lower success rates, and providers could exit the industry because of liability risk. All that said, the bills Rogers supported would not have banned either IVF or birth control.",Elissa Slotkin,https://www.politifact.com/factchecks/2024/sep/13/elissa-slotkin/claim-that-ivf-and-birth-control-could-go-away-und/,c1d4ed1e-4066-4eb8-8424-71d5e3e164b9
“Taylor Swift forced to cancel Eras Tour dates following endorsement backlash.”,false,"We rate the claim that Swift was forced to cancel Eras tour dates after endorsing Harris False. We could not find any news reports about Swift canceling tour dates after her Harris endorsement. ""Taylor Swift Forced to Cancel Eras Tour Dates Following Endorsement Backlash: ‘Only 2,300 Tickets Sold,’"" read a Sept. 16 Facebook post.",Facebook posts,https://www.politifact.com/factchecks/2024/sep/18/facebook-posts/no-taylor-swifts-didnt-cancel-eras-tour-shows-afte/,47329b71-1084-4a12-8e36-6606bd93f055
Project 2025 would “cut” the Federal Emergency Management Agency and “kill federal-backed flood insurance.”,true,"Project 2025’s proposed FEMA changes include raising the per capita threshold for providing FEMA public assistance, terminating its grants, replacing the National Flood Insurance Program with privatized insurance and changing FEMA’s cost-share so that federal government covers less of the cost for smaller disaster response and recovery. But Project 2025 said FEMA grants should be terminated and states ""should bear the costs of their particularized programs"" instead. Social media posts said Project 2025 would ""cut FEMA"" and ""kill federal-backed flood insurance.""",Social Media,https://www.politifact.com/factchecks/2024/oct/03/social-media/would-project-2025-cut-fema-proposals-would-reduce/,fff49fd5-ab8d-481b-b983-e75c3393f96f
"Says Kamala Harris tweeted, “It’s BLACK LIVES MATTER, not ‘Biden Loves Minors!’”",false,"But Vice President Kamala Harris didn’t post on X reacting to calls to prosecute Cheatle. ""I am DISGUSTED by @BoLoudon’s SEXIST call to prosecute our first DEI Secret Service Woman Director,"" reads what looks like an X post from Harris, referring to a conservative commentator and friend of Trump’s son, Barron. ""Bo is a 17 year old RACIST — it’s BLACK LIVES MATTER, not ‘Biden Loves Minors!’ DO NOT follow him!’"" A July 28 Instagram post sharing an image of the purported X post was flagged as part of Meta’s efforts to combat false news and misinformation on its News Feed.",Viral image,https://www.politifact.com/factchecks/2024/jul/31/viral-image/no-this-isnt-an-authentic-x-post-from-harris-about/,0efeea0d-7478-44a8-ae90-17f0e9ce5081
"Four government agencies donated nearly $900,000 of taxpayer money to Kamala Harris’ presidential campaign.",false,"Although these four government agencies are listed among the top contributors to Harris’ campaign on Open Secrets’ website, it doesn’t mean the agencies themselves donated to her campaign. As of July 29, Open Secrets reported the following contributions to Harris’ campaign from people affiliated with these government agencies: Defense Department: $213,460 Health and Human Services: $203,574 State Department: $197,640 Veterans Affairs: $217,420 Government agencies, including the Defense Department and the Department of Veterans Affairs, are also listed among the top contributors to former President Donald Trump’s presidential campaign on Open Secrets’ website. Under each of these government agencies, Open Secrets’ website says individuals were the source of the political contributions.. On these top contributor pages, Open Secrets further explains why and how it uses donors’ employer and occupation information.",Instagram posts,https://www.politifact.com/factchecks/2024/sep/03/instagram-posts/no-these-government-agencies-didnt-donate-taxpayer/,e22b6bf8-9369-499d-bea8-7351926b49c4
A 15-year-old named “Graci Mae Thompson” is missing.,false,"In two instances, PolitiFact found that the users had posted about missing children before, then changed those posts to advertise properties for sale. Facebook posts have sounded the alarm over the disappearance of a 15-year-old named Graci Mae Thompson, who has supposedly been missing since July 22. But PolitiFact found no evidence of a girl named Graci Mae Thompson who is now reported missing.",Facebook posts,https://www.politifact.com/factchecks/2024/aug/16/facebook-posts/dont-fall-for-posts-saying-a-teen-named-graci-mae/,b8171db0-2797-496e-bbae-8bdbf63b2af6
Donald Trump posted on Truth Social that Kamala Harris used to be a man named Kamal Aroush.,false,"A screenshot purporting to be from Trump’s Truth Social account and shared on Threads contains a photo of Harris and another digitally altered image of her supposedly as a man. We rate the claim Trump posted on Truth Social that Harris used to be a man named Kamal Aroush False. The post also includes a screenshot of an X post that says, ""Do you know this man…?",Threads posts,https://www.politifact.com/factchecks/2024/aug/27/threads-posts/no-donald-trump-didnt-post-that-kamala-harris-used/,50ba62fd-7ea9-4075-8284-c7aa7c68460d
Video shows Boston Red Sox player Jarren Duran getting a “MASSIVE” ovation after his two-game suspension for homophobic slur.,pants-fire,"As the X community note points out, the video opened with a clip of Tigers and Red Sox fans giving a standing ovation to Tigers star Miguel Cabrera, who was playing his final game at Fenway Park on Aug. 13, 2023. You can see several of the same fans in the TikTok video in the 2017 video below, including a woman in a red shirt and blue jacket, and a man in a Red Sox jersey standing next to a little boy in a Boston cap. ""Jarren Duran returns to the lineup after a 2 game suspension to a MASSIVE ovation from Fenway Park,"" said sticker text on an Aug. 14 TikTok video that had more than 8,300 likes.",TikTok posts,https://www.politifact.com/factchecks/2024/aug/15/tiktok-posts/video-showing-boston-red-sox-fans-ovation-for-jarr/,b29cb506-e455-4a4f-9d32-59a37cedec5a
El senador Rick Scott no apoya las excepciones al aborto.,false,"La campaña de Mucarsel-Powell señaló el apoyo de Scott a la ley de seis semanas de Florida, diciendo que no tenía excepciones de salud mental o excepciones por violación, incesto y trata de personas. La prohibición de las seis semanas en Florida incluye excepciones en casos de violación, incesto y trata de personas hasta las 15 semanas de embarazo, y si la salud o la vida de la embarazada están ""en grave riesgo de deterioro físico sustancial e irreversible"". El 13 de abril de 2023, Scott dijo en X que firmaría la prohibición del aborto de seis semanas de Florida si todavía fuera gobernador.",Debbie Mucarsel-Powell,https://www.politifact.com/factchecks/2024/aug/16/debbie-mucarsel-powell/debbie-mucarsel-powell-engana-sobre-la-postura-de/,4f8b33de-945e-43e0-9e6f-8cb5889fdc76
"The Hells Angels Motorcycle Club is on the way to Aurora, Colorado, to confront a Venezuelan gang.",false,"But the Aurora Police Department and the Hells Angels Motorcycle Club rebutted these rumors. On Threads, a video posted Sept. 2 showed four lines of bikers taking up two lanes, claiming it showed Hells Angels and two other motorcycle clubs — the Outlaws and the Mongols — headed  ""to confront the Venezuelan Gangs for taking over the apartment complex to protect the citizens of Aurora Colorado."" But the Hells Angels Motorcycle Club rebutted these rumors.",Social Media,https://www.politifact.com/factchecks/2024/sep/09/social-media/hells-angels-are-not-heading-to-aurora-colorado-to/,7ff7f71c-4a6e-429b-9df2-d417ffa0dd8c
"“Taylor Swift’s concert attendance drops after Harris endorsement: ‘No Fans, just empty seats and echoes.’”",false,"""Taylor Swift’s concert attendance drops after Harris endorsement: ‘No Fans, just empty seats and echoes,’ - satire,"" the post said. ""Taylor Swift’s concert attendance drops after Harris endorsement: ‘No Fans, just empty seats and echoes,’"" a Sept. 22 post said, which was flagged as part of Meta’s efforts to combat false news and misinformation on its News Feed. But she hasn’t performed on tour since August, before she endorsed Harris Sept. 10, after Harris debated former President Donald Trump, the Republican presidential nominee.",Facebook posts,https://www.politifact.com/factchecks/2024/sep/25/facebook-posts/no-taylor-swifts-concert-attendance-hasnt-dropped/,5c4ee291-7c7d-4683-a19c-16a79447c9c0
Video claims to show Donald Trump in an interview with Diddy,pants-fire,"We rate the claim that this video shows Trump and Combs in conversation Pants on Fire! Now, a viral video claims to show Combs in a one-on-one interview with former President Donald Trump. This video does not depict a real conversation between Trump and Combs.",TikTok posts,https://www.politifact.com/factchecks/2024/sep/20/tiktok-posts/no-this-edited-video-doesnt-depict-a-conversation/,d99bf87e-8e44-4d47-9ee2-83d1a0b0307f
Photo shows “pallets or containers of bricks have been found near locations designated for protests related to the Democratic National Convention”,false,"Second, Chicago city officials at the DNC Joint Information Center told PolitiFact on Aug. 20 that the rumors that police had found bricks near protest areas were unfounded. (Screengrab from X) In 2020, NBC News found the bricks in this picture were close to a construction site and had been there for months. First, this particular image of bricks was taken in Dallas in 2020, not in Chicago this week.",X posts,https://www.politifact.com/factchecks/2024/aug/20/tweets/no-this-photo-doesnt-show-bricks-for-dnc-protests/,5d5e3825-dd57-44ea-9717-be6d29ebdaf9
Nine Americans died from a listeria outbreak after Boar’s Head brand meat prioritized hiring “refugees” in Virginia.,false,"We rate the claim that nine Americans died from a listeria outbreak after Boar’s Head brand meat prioritized hiring ""refugees"" in Virginia False. The listeria outbreak was tied to long-standing health and safety infractions at a Boar’s Head plant in Jarratt, Virginia. A Tent spokesperson  told PolitiFact on Sept. 3 that Boar’s Head is not working with Tent now and has not hired any refugees through its services.",X posts,https://www.politifact.com/factchecks/2024/sep/03/tweets/no-refugees-did-not-cause-a-deadly-boars-head-list/,1bc10c5b-ed24-4d8b-9bb1-f07312903c1e
"“As of today, there is not one member of the United States military who is in active duty in a combat zone, in any war zone around the world, for the first time this century.”",barely-true,"There are thousands of U.S. military service members stationed in areas that are considered combat zones. But the combat zones do include areas in which U.S. service members are now deployed, she said. PolitiFact asked the Defense Department for a list of places within the designated combat zones that U.S. military service members are serving in, but we did not receive a response before publication.",Kamala Harris,https://www.politifact.com/factchecks/2024/sep/11/kamala-harris/why-harris-debate-remarks-about-us-military-in-com/,b471be31-2432-430f-8724-e3ba97aa77e7
"Laurie Buckhout is “trying to get to Congress to pass a national abortion ban, allowing politicians to ban abortions with no exceptions and prosecute women if they get an abortion, treating women right here like criminals.”",barely-true,"The ad accuses Buckhout of ""trying to get to Congress to pass a national abortion ban, allowing politicians to ban abortions with no exceptions and prosecute women if they get an abortion, treating women right here like criminals."" But the ad did not mention this: In the same article in which Buckhout was asked about a national abortion ban, she specifically said she supports exceptions for abortion. Buckhout has said a national abortion ban should be discussed and that she would ""vote to preserve life.""",House Majority PAC,https://www.politifact.com/factchecks/2024/oct/01/house-majority-pac/fact-checking-ad-about-republican-laurie-buckhouts/,728f7a1b-20d3-4358-8470-4b48eecaf4ba
Minnesota Gov. Tim Walz “forced schools to stock tampons in boys’ bathrooms.”,barely-true,"In 2023, Walz signed a law requiring schools provide access to menstrual products in bathrooms regularly used by students in grades 4 to 12, according to a plan school districts will create. For example, the law would allow a school administrator who knows there are trans or nonbinary students who only use the boys’ restrooms to provide menstrual products in those bathrooms, she said. Searching the Nexis news database, we found no reports that menstrual products are being provided currently in boys’ restrooms in any Minnesota school district.",Jesse Watters,https://www.politifact.com/factchecks/2024/aug/13/jesse-watters/claim-that-gov-tim-walz-forced-schools-to-stock-ta/,974cbf2f-4d2e-4a58-8421-649655d6a8b8
"Kamala Harris “descubierta usando unos zarcillos con audífonos inhalambricos, para que le soplaran las respuestas durante el debate contra Donald Trump”.",pants-fire,"(AP) La declaración también se hizo viral en X en inglés, donde una nota comunitaria dijo que los pendientes de Harris eran de Tiffany & Co. La nota citó el blog fundado por Susan E. Kelley, ""What Kamala Wore"", que dice que Harris usa un par de pendientes de perlas de los mares del Sur de la colección Tiffany HardWear ""con cierta frecuencia"". El blog de Kelley incluye la primera aparición de Harris el 6 de agosto con el gobernador de Minnesota Tim Walz como su compañero de fórmula en Filadelfia, como una de las ocasiones en las que Harris usó esos aretes. La candidata presidencial demócrata, la vicepresidenta Kamala Harris, y su compañero de fórmula, el gobernador de Minnesota, Tim Walz, hablan en un mitin de campaña en Filadelfia, el 6 de agosto de 2024.",X posts,https://www.politifact.com/factchecks/2024/sep/12/tweets/no-kamala-harris-no-uso-pendientes-con-audifonos-e/,a63b6b08-5b7c-412d-a0d3-cd2bb5b95f23
Project 2025 would defund K-12 schools.,half-true,"Eliminating the Department of Education would phase out some, if not all, federal funding for public K-12 schools and return that responsibility to the states. For this fact-check, we wanted to know how Project 2025 would affect federal funding for public schools. In an emailed statement, Project 2025 told PolitiFact the fact that school budgets rely on federal money for only a small share of their funding means cutting the department ""hardly defunds schools.""",Kamala Harris,https://www.politifact.com/factchecks/2024/sep/06/kamala-harris/project-2025-would-phase-out-federal-funds-for-pub/,b787e991-5c33-48da-82a7-9272fb463cd8
"“Elon Musk calls for ban on ‘The View,’ ‘I’d rather walk barefoot on hot asphalt than watch ‘The View.’”",false,"We found no evidence, such as credible news reports or public statements from Musk or ""The View,"" that he is seeking to ban the show from television. Now circulating on social media: purported ""breaking"" news that ""Musk calls for ban on ‘The View’"" and said, ""I’d rather walk barefoot on hot asphalt than watch ‘The View.’"" A July 27 Facebook post sharing the claim was flagged as part of Meta’s efforts to combat false news and misinformation on its News Feed. The blog describes itself as a source of ""fake news stories.""",Facebook posts,https://www.politifact.com/factchecks/2024/aug/07/facebook-posts/claims-elon-musk-called-to-ban-the-view-originated/,f836e827-d0ce-4495-9e08-956b82252c32
Video shows a “strong tornado in Atlanta.”,false,"A EF2 tornado touched down in Atlanta in April — at night, in the dark — and none of the clips in the Facebook post, all recorded in daylight, show the Georgia twister. We rate claims these clips show a tornado in Atlanta False. The caption of the July 21 Facebook post sharing the video: ""Strong tornado in Atlanta USA.""",Viral image,https://www.politifact.com/factchecks/2024/aug/05/viral-image/dont-get-it-twisted-this-tornado-video-doesnt-show/,cc1f7394-157f-41d4-acb2-20fd61805b74
"Un video muestra un helicóptero distribuyendo “mosquitos genéticos en Massachusetts, Estados Unidos”.",false,"Los usuarios en redes sociales que compartieron el video en 2023 lo relacionaron con un programa de Oxitec de mosquitos modificados genéticamente. El Proyecto de Recuperación de Aves del Bosque de Maui, en Hawai, libera mosquitos infectados con Wolbachia en zonas forestales elevadas. ""Massachusetts no participa en ninguno de los trabajos de Oxitec, y no tenemos conocimiento de ningún proyecto en el que se liberen mosquitos"", dijo Scales.",X posts,https://www.politifact.com/factchecks/2024/aug/29/tweets/este-video-no-muestra-helicoptero-liberando-mosqui/,88b0a0bc-eddf-4995-8ceb-e08c447701e6
“Travis Kelce kneels during national anthem fined $10 million and thrown out of the game.”,false,"""Travis Kelce kneels during national anthem fined $10 million and thrown out of the game,"" reads text in an image of Kelce kneeling. Kelce has kneeled during the national anthem before. The Aug. 19 post featuring the image said, ""Travis Kelce took a knee during the national anthem, a move that cost him a staggering $10 million fine and an immediate ejection from the game.""",Viral image,https://www.politifact.com/factchecks/2024/aug/21/viral-image/kansas-city-chiefs-tight-end-travis-kelce-wasnt-fi/,8a9c8f26-467c-4afd-8252-11c7c65188f2
"Says Rep. Marjorie Taylor Greene said, “Who else thinks the downfall of America started with Barack Obama?”",false,"The verified account — ""Marjorie Taylor Greene Press Release (Parody)"" — posted the message about Obama on Aug. 20. The statement in the Instagram post didn’t appear on that account or Greene’s other verified account, @mtgreenee, as of Sept. 17, and we found no credible news coverage to suggest she posted the statement and then deleted it. Close readers might notice that the name in the X post — ""Marjorie Taylor Greene … "" — is cut off.",Viral image,https://www.politifact.com/factchecks/2024/sep/17/viral-image/parody-account-pans-us-rep-marjorie-taylor-greene/,9c2f3508-7e0b-4f7e-9033-cdc90d2db19f
A group of 32 armed Venezuelans took over an apartment building in Chicago.,false,"The Chicago Police Department did not confirm to PolitiFact whether the specific phone call embedded in the post was real. The Libs of TikTok account reshared the audio posted by the X account Windy City Weather and News, which posts weather information and reports from a Chicago police scanner. Libs of TikTok also shared the post on Instagram.",X posts,https://www.politifact.com/factchecks/2024/sep/06/tweets/reports-about-32-venezuelan-armed-migrants-taking/,9e26d1a3-90f6-4be7-be0e-68791cb0c393
"Lowe’s CEO Marvin Ellison said on CNBC, “If conservatives do not like our values, they should take their money to Home Depot.”",pants-fire,"An Aug. 23 Threads post showed an image of a CNBC logo with this purported quote from Lowe’s CEO Marvin Ellison: ""If conservatives do not like our values, they should take their money to Home Depot."" (Screenshot from Threads) Ellison didn’t tell CNBC that conservatives should take their money to Home Depot. Social media users shared an image that implied the CEO of Lowe’s urged certain customers to take their business to rival Home Depot.",Threads posts,https://www.politifact.com/factchecks/2024/aug/26/threads-posts/no-lowes-ceo-did-not-tell-conservatives-to-take-th/,8c88a135-073c-4886-919e-a5f4eb421e53
“In less than 48 hours the United States government is shutting down for good.”,pants-fire,"More than two days after an Instagram post claimed the U.S. government was shuttering forever, American bureaucracy endured. #WWG1WGA,"" said the caption of a Sept. 2 Instagram post that shared the screenshot, using a hashtag common in the QAnon conspiracy movement. Forty-eight hours after that dire premonition, the U.S. government continued functioning.",Viral image,https://www.politifact.com/factchecks/2024/sep/05/viral-image/governments-gears-still-grind-purported-permanent/,99b29413-f70c-443d-99e5-ea12342ec08f
“Nike announces termination of contract with Brittney Griner after ‘strong backlash’ from online community.”,false,"Phoenix Mercury center Brittney Griner signed a deal with Nike in 2013 after she was selected as the No. As of Aug. 26, Nike was selling Griner jerseys on its website. We rate claims Nike announced it’s ending its contract with Griner False.",Facebook posts,https://www.politifact.com/factchecks/2024/aug/27/facebook-posts/no-nike-didnt-announce-its-ending-its-partnership/,8126cb48-fe1d-4292-8c6d-7abc415a1572
"“Two years ago, Bob Casey promised us his vote will reduce inflation. ... Casey’s vote for reckless spending” made inflation worse.",barely-true,"The Inflation Reduction Act did not worsen inflation; inflation has fallen by about two-thirds in the two years since the law was signed. So, the Inflation Reduction Act didn’t worsen inflation. The ad distorted the timeline of Casey’s votes and blurred the difference between the Inflation Reduction Act and the American Rescue Plan.",Senate Leadership Fund,https://www.politifact.com/factchecks/2024/sep/25/senate-leadership-fund/gop-campaign-group-distorts-the-timeline-to-blame/,b0c8aaa7-2763-4754-9c19-127094b504e5
Alexa’s answers to questions about Hurricane Helene prove the storm was “artificially created” or the result of “cloud seeding”,false,"""Alexa,"" a woman asked in another Oct. 4 Instagram video, ""Did North Carolina use cloud seeding during Hurricane Helene?"" Social media posts showed Alexa responding to questions about Hurricane Helene, the Category 4 storm that made landfall in Perry, Florida, Sept. 26, with answers that scientists dispute. ""Alexa confirms cloud seeding and hurricane steering!""",Facebook posts,https://www.politifact.com/factchecks/2024/oct/08/facebook-posts/hurricane-helene-was-not-artificially-created-desp/,6647035c-af78-4f1e-ad62-5719afac8aab
North Carolina’s new voting rules in response to Hurricane Helene amount to “cheating” or “stealing.”,pants-fire,"There it is folks… Hurricane Helene was about cheating in the Election🚨 The North Carolina Board of Elections Changed the Voting Rules in the Counties Affected by the Hurricane 10 Days before Early Voting Starts🔴 RULE CHANGES• Easier access to Absentee Ballots• More… pic.twitter.com/uEClhr2H3X The changes amount to a bipartisan effort to help people vote. Posts on X said that North Carolina’s new voting rules in response to Hurricane Helene amount to ""cheating"" or a plot to ""steal"" the election. Republican House Speaker Tim Moore told PolitiFact that the election rule changes ""will ensure displaced Hurricane Helene victims in the impacted counties can vote, while also providing safeguards such as requiring a bipartisan majority of the county board in order to make significant changes to early voting and initiate out of precinct/out of county voting.""",X posts,https://www.politifact.com/factchecks/2024/oct/11/tweets/north-carolinas-post-helene-changes-for-absentee-i/,5108eea6-234d-485a-aa6c-f47f29660721
Videos muestran a Kamala Harris ebria.,false,"El video completo, que incluye declaraciones de Harris a los trabajadores de la campaña de Biden-Harris en Madison, se encuentra abajo. En el video en Facebook del 21 de agosto, Harris habla sobre la democracia mientras suena una música de noticiero de fondo. El video completo de la primera noche de la Convención Nacional Demócrata, como se ve en las imágenes a continuación, muestra a Harris de pie aplaudiendo varias veces.",Social Media,https://www.politifact.com/factchecks/2024/aug/28/social-media/no-estos-videos-en-redes-sociales-no-muestran-a-ka/,7525d0ad-a4ac-4524-bc04-4b6f74fbf8fd
The plus in LGBTQ+ includes pedophilia.,pants-fire,"Morrow said the plus in LGBTQ+ includes pedophilia. According to a guide compiled by the Human Rights Coalition, the plus sign in LGBTQ+ could include people who are: Contrary to Morrow’s post, Cruz said safety is a primary concern of Equality NC. State superintendent candidate Michele Morrow targeted her Democratic opponent, Mo Green, on social media Monday for accepting an endorsement from Equality North Carolina, a group that champions the LGBTQ+ community, which includes people who identify as lesbian, gay, bisexual, transgender or queer.",Michele Morrow,https://www.politifact.com/factchecks/2024/sep/17/michele-morrow/ncs-michele-morrow-falsely-says-the-plus-in-lgbtq/,ac391f8f-17f8-49ec-b70d-d5f92a74cd5f
"Says U.S. Sen. Tammy Baldwin ""believes taxpayer dollars should be used for abortion.""",half-true,"You have someone like Tammy Baldwin that believes taxpayer dollars should be used for abortion. Steil claimed Baldwin ""believes taxpayer dollars should be used for abortion."" When we asked Steil’s office for evidence, his staff noted that Baldwin voted against the No Taxpayer Funding for Abortion and Abortion Insurance Full Disclosure Act in January 2019.",Bryan Steil,https://www.politifact.com/factchecks/2024/aug/26/bryan-steil/us-rep-steils-spin-on-us-sen-baldwin-on-abortion-a/,c1483aaf-1bb8-48e8-90ca-214161e3a942
"“JD Vance actually sent a letter last year to the Department of Justice saying, ‘enforce the Comstock Act.’”",true,"In January 2023, Vance joined about 40 congressional Republicans in sending a letter urging the U.S. Justice Department to enforce the Comstock Act to crack down on mailing abortion pills, which are used in the majority of U.S. abortions. Warren said Vance sent a letter to the Justice Department asking it to enforce the Comstock Act. The letter Vance signed was in response to the release of a Justice Department memo saying U.S. law doesn’t prohibit the mailing of abortion medication as long as the sender doesn’t intend for the medication to be used illegally.",Elizabeth Warren,https://www.politifact.com/factchecks/2024/aug/30/elizabeth-warren/jd-vance-joined-republican-letter-urging-doj-to-en/,2e6bf464-4242-45a3-9e45-dda162ef2e16
Photos show a toddler “saved” by Deputy Tyler Cooper.,false,"Yet another post shared Sept. 16 in a group for residents of Parlier, California, and four other California cities, including Fresno, to buy, sell and trade goods said the boy was found ""walking behind a home here in Parlier."" ""This little boy approximately 2 years old was found last night walking behind a home here in #San Diego,"" read a Sept. 15 post shared in a public Facebook group called ""Entrepreneurs San Diego."" The only thing different in this post was where the boy was supposedly found: ""walking behind a home here in #Oxnard.""",Facebook posts,https://www.politifact.com/factchecks/2024/sep/26/facebook-posts/viral-posts-about-a-lost-child-separated-from-his/,7f340258-8f71-42c6-a77a-a1b5d60c443f
CDC warns a third of adults may die from dangerous bacteria in ramen noodles.,false,"The claim that the CDC warned that people are at risk of death from a deadly bacteria found in ramen noodles is not backed by evidence. We searched the FDA’s recalls, market withdrawals and safety alerts website and found nothing about ramen noodle products being recalled because of a deadly bacteria. ""A deadly outbreak linked to ramen noodles has sparked global fear as multiple deaths have been reported,"" a Sept. 17 Instagram video said through a talking fish.",Instagram posts,https://www.politifact.com/factchecks/2024/sep/18/instagram-posts/cdc-hasnt-warned-about-deadly-ramen-noodles-despit/,d5241919-5f7b-4d9d-b258-0fe311fc39c3
Photo shows former President Donald Trump “asleep at the 2017 NATO summit.”,false,"We rate claims this photo shows Trump sleeping at the 2017 NATO summit False. ""Remember that time when Trump fell asleep at the 2017 NATO summit? An old photo of former President Donald Trump, sitting with his head bowed, is being shared anew on social media and presented as evidence that he was caught sleeping at a 2017 NATO summit in Brussels, Belgium.",Viral image,https://www.politifact.com/factchecks/2024/aug/09/viral-image/you-can-sleep-on-this-claim-that-former-president/,88e50255-ff8d-4448-ab98-2748b2ed9c83
Maxine Waters told her followers on X not to follow Omar Navarro because he is a “Hispanic Republican.”,pants-fire,"We rate the claim that Maxine Waters told her followers on X not to follow Omar Navarro because he is a Hispanic Republican Pants on Fire! He’s a young Hispanic Republican spreading lies on Instagram,"" a screenshot on Instagram purporting to be from Waters’ official social media account says. But Waters did not make an online post to discourage people from following Navarro, as social media users claimed.",Instagram posts,https://www.politifact.com/factchecks/2024/aug/23/instagram-posts/maxine-waters-didnt-call-her-congressional-opponen/,6f24a7b5-f003-43f5-9952-0a3abb22c7f5
Rep. Elissa Slotkin’s vote for the 2022 Inflation Reduction Act was a vote to “cut Medicare benefits for seniors.”,false,"Mutual of Omaha said in March that it will exit the Medicare Prescription Drug Plan market at year’s end because of the ""pending impact of the Inflation Reduction Act"" on Medicare drug plans. Medicare Part D, which offers insurance coverage for prescriptions, is a voluntary program, and about 50 million of the 65 million people Medicare covers are enrolled — either through a standalone Prescription Drug Plan or through Medicare Advantage. The column argued that funding changes under the 2022 Inflation Reduction Act to Medicare Part D — which helps cover prescription drug costs — could lead to higher premiums and fewer benefits for older Americans.",Mike Rogers,https://www.politifact.com/factchecks/2024/aug/28/mike-rogers/elissa-slotkins-vote-for-inflation-reduction-act-w/,c54f8f05-0abb-4ce7-ad1f-3c6ffc49b796
Video shows a CNN segment about “veterans cancelling their auto insurance.”,false,"The video in the Aug. 18 Facebook post features CNN’s logo and a ""breaking news"" chyron that says: ""Veterans are cancelling their auto insurance and doing this instead."" What looks like a CNN breaking news segment about car insurance for veterans is drawing attention on social media, but maybe not the attention the account posting the video hoped for. ""As a veteran, I qualified for the 2024 Veteran & Military Monetary Relief Plan AND apparently you can use it to cut down on your auto insurance,"" the post said.",Viral image,https://www.politifact.com/factchecks/2024/aug/29/viral-image/altered-video-appears-to-show-cnn-segment-about-ve/,dc15e4dc-b825-463e-badd-f9b3d22b6aba
Image of people boarding up a window shows Michigan election officials are “preparing to steal this election”,false,"We rate the claim that this image shows windows being boarded up in Michigan vote counting centers False. The claim showed up on our radar Sept. 24, when a Michigan attorney shared an image on X of a man boarding up windows with plywood. (Screenshot of X post) But Michigan isn’t boarding up its election centers with weeks until Election Day.",X posts,https://www.politifact.com/factchecks/2024/sep/26/tweets/picture-of-boarded-up-windows-is-from-2023-florida/,60cee9dc-66e0-41bc-92ef-197a10e79f00
Photo shows Israeli swimmers protesting Olympic rules by spelling out “bring them home.”,false,"The Israeli artistic swimming team also shared the image on Instagram that day. We rate claims this photo shows Israel’s national swimming team protesting Olympic rules False. Spiegel, who also didn’t respond to PolitiFact’s questions about the post, told Agence France-Presse that it was ""a fake news story.""",Facebook posts,https://www.politifact.com/factchecks/2024/aug/06/facebook-posts/photo-of-israeli-swimmers-predates-the-paris-games/,a948a6ed-16f5-4a6c-aa3d-f406754bba0f
Video shows helicopter “dropping millions” of mosquitoes in Massachusetts towns hit by eastern equine encephalitis virus.,false,"An Aug. 25 Instagram post tied the virus’s outbreak to a video it claimed showed a helicopter dropping mosquitoes from the sky. An Instagram post claimed millions of mosquitoes released from a helicopter could be tied to an outbreak of eastern equine encephalitis, a deadly mosquito-borne virus. A TikTok video from 2023 shows the same helicopter video seen in the Instagram post.",Instagram posts,https://www.politifact.com/factchecks/2024/aug/28/instagram-posts/video-doesnt-show-mosquitoes-released-from-helicop/,46c2dbb0-8926-448c-9244-1dd53f0c5fb1
"“Even before the pandemic, America went into a manufacturing recession.”",mostly-true,"There is no official definition for when an industrial sector enters recession, but by two common metrics — employment and output — U.S. manufacturing was tipping negative starting in early 2019, Trump’s third year in office. In other words, manufacturing output was declining for more than a year — then the pandemic hit. Although manufacturing employment rose robustly for the first two years of Trump’s term, this job growth stalled in his third year and fell slightly before the pandemic hit during his fourth year.",Pete Buttigieg,https://www.politifact.com/factchecks/2024/jul/31/pete-buttigieg/was-us-manufacturing-in-recession-before-the-pande/,baaadb42-0fe3-419b-8296-9747ac82dab3
Photo of Kamala Harris’ Aug. 7 rally near Detroit was AI-generated and “there was nobody there.” Attendees pictured “didn’t exist.”,pants-fire,"Supporters listen Aug. 7, 2024, as Democratic presidential nominee Vice President Kamala Harris speaks at a campaign rally in Romulus, Michigan. ""This is an actual photo of a 15,000-person crowd for Harris-Walz in Michigan,"" the Harris campaign wrote in an Aug. 11 X post, sharing the contested photo. Lavora Barnes, Michigan’s Democratic Party chair, shared a photo on X of herself addressing the Aug. 7 crowd and joked about Trump’s AI-generated crowd claim.",Donald Trump,https://www.politifact.com/factchecks/2024/aug/12/donald-trump/why-trumps-claim-that-the-harris-campaign-used-ai/,83b12751-5e76-4905-a95a-859ceb82b7d0
“Un grupo de 32 venezolanos armados tomaron esta noche un edificio de apartamentos en Chicago”.,false,"La publicación contiene un audio en el que un operador de la policía detalla el informe de una persona que llama. Calificamos la declaración de que un grupo de 32 venezolanos armados tomaron un edificio de apartamentos en Chicago como Falsa. El departamento dijo que alguien hizo una llamada de servicio sobre venezolanos armados que estaban entrando ilegalmente a la propiedad, pero que el incidente reportado en la llamada ""no fue de buena fe"" o ""no fue real"".",X posts,https://www.politifact.com/factchecks/2024/sep/09/tweets/no-un-grupo-de-32-migrantes-venezolanos-armados-no/,df8389dc-4eae-4e15-bfce-ddf045ca0b33
"Video shows “Kamala Harris describing how she can ruin lives with the 'swipe of a pen.’""",false,"We rate the claim that this video shows Harris describing ruining lives with her pen False. But a viral video appears to show her speaking boastfully about how she could ruin lives as a prosecutor. ""Power hungry Kamala Harris describing how she can ruin lives with the 'swipe of a pen,’"" an Aug. 16 X post said.",X posts,https://www.politifact.com/factchecks/2024/aug/30/tweets/viral-video-misleads-with-edited-video-of-kamala-h/,96219841-0e23-47e1-b5c9-0b12152f950a
"""El gran respaldo de Taylor Swift"" a Kamala Harris ""le cuesta $125 millones en acuerdos de marca"".",false,"Al hacer una búsqueda en Google del titular de la publicación traducido al inglés, encontramos un artículo publicado el 12 de septiembre con una imagen de Harris y Swift en Esspots, una página web que se describe como creadora de contenido satírico. Pero PolitiFact no encontró noticias verídicas en la base de datos Nexis o declaraciones públicas de Swift diciendo que perdió millones de dólares en acuerdos con marcas por apoyar a Harris. No sabemos si el acuerdo con CoverGirl del 2010 sigue vigente, pero tampoco encontramos comunicados de prensa o publicaciones en las redes sociales de  la empresa de cosméticos, que pertenece a la empresa Coty, que digan que  terminó alguna relación con Swift debido al respaldo a Harris.",Facebook posts,https://www.politifact.com/factchecks/2024/sep/19/facebook-posts/taylor-swift-no-perdio-125-millones-en-acuerdos-co/,38128c94-dbd0-4672-a3f2-d4bed86b3ec5
“The last union member on a national ticket (was) Ronald Reagan.”,false,"Walz said that, before himself, ""the last union member on a national ticket (was) Ronald Reagan."" He repeated this claim more recently, in a Sept. 21 appearance in Bethlehem, Pennsylvania, when he said that ""the last union member on a national ticket (was) Ronald Reagan."" There’s one problem with the talking point: A card-carrying union member named Donald Trump was on the ballot more recently, in both 2016 and 2020.",Tim Walz,https://www.politifact.com/factchecks/2024/sep/24/tim-walz/no-ronald-reagan-wasnt-the-last-union-member-on-a/,e9f4d0c4-48ff-4052-a393-f2333caaa08e
A video shows a body that Israel embedded with a bomb exploding during a Palestinian funeral procession.,false,We rate the claim that a video shows a body that Israel embedded with a bomb exploding during a Palestinian funeral procession False. A graphic video shows an explosion at a funeral procession. But the video does not show a recent Palestinian funeral.,Instagram posts,https://www.politifact.com/factchecks/2024/sep/13/instagram-posts/no-this-video-does-not-show-an-israeli-bomb-explod/,85480ec9-7a37-4591-8414-7cbdf90f6084
Vice President Kamala Harris was fired from McDonald’s for stealing.,pants-fire,"In the comments of its McDonald’s post, America’s Last Line of Defense linked to an article by Dunning-Kruger Times that cited a McDonald’s spokesperson who said Harris was fired for stealing ""‘a substantial amount’ of chicken McNuggets."" We rate the claim that Harris was fired from McDonald’s for stealing Pants on Fire! Her campaign told PolitiFact that Harris worked at a McDonald’s in Alameda, California, in the summer of 1983.",Facebook posts,https://www.politifact.com/factchecks/2024/sep/04/facebook-posts/claim-that-kamala-harris-was-fired-from-mcdonalds/,6f734636-3a4f-4938-8c39-75a2b0136987
"""La nueva ley de condonación elimina $15,000 de la deuda de tarjetas de crédito para todos los estadounidenses"".",false,"""La nueva ley de condonación elimina $15,000 de la deuda de tarjetas de crédito para todos los estadounidenses"", dice una publicación en Facebook del 3 de septiembre. La Oficina para la Protección Financiera del Consumidor (CFPB, por sus siglas en inglés), recomienda a los consumidores a contratar a un asesor de crédito sin fines de lucro y negociar directamente con la compañía de tarjetas de crédito, antes de contratar a una compañía de alivio de deudas. No existe una ""nueva ley de condonación"" de deudas de tarjetas de crédito, calificamos la publicación como Falsa.",Facebook posts,https://www.politifact.com/factchecks/2024/sep/09/facebook-posts/no-hay-una-nueva-ley-de-condonacion-que-elimina-de/,5317d86c-7d4f-43b2-8360-7943d2f542f4
"“Communicable diseases like HIV and TB (tuberculosis) have skyrocketed” after Haitian migrants came to Springfield, Ohio.",barely-true,"The complete source of the TB data — Clark County’s Communicable Disease Cumulative Report 2013 to 2023 — showed four TB cases in 2023, an increase of one case over the previous year. Official HIV case data also shows a rise in one case from 2021 to 2022, and preliminary data shows there were 29 HIV cases in 2023. A Trump-Vance campaign spokesperson sent us data screenshots showing Clark County HIV and TB case rates from 2013 to 2023.",JD Vance,https://www.politifact.com/factchecks/2024/sep/26/jd-vance/communicable-disease-rates-in-springfield-ohio-hav/,4e0afddb-0897-432b-bf1b-57a69796f0ba
"In South Philadelphia, people are “getting paid $700 a week to go to wherever Kamala’s campaign tells them to go to.”",false,"Are people getting paid to attend Vice President Kamala Harris’ campaign events? We rate the claim that people are ""getting paid $700 a week""  to go to Harris’ campaign events False. The claim that people are getting paid to attend events is not new.",TikTok posts,https://www.politifact.com/factchecks/2024/sep/26/tiktok-posts/kamala-harris-campaign-isnt-paying-people-700-a-we/,b1a95149-d99e-408f-926d-3526186deb2c
"""Dallas County Texas (tells) election workers to (illegally) lie on registration & use a church address to register homeless people to vote!”",pants-fire,"It said state law is clear that you don’t need a home to vote, and that voters can use an address other than their residential address as a mailing address. An X post said that Dallas County election workers were telling trainees to illegally lie on voter applications and use a church address to register voters. ""State law is very clear: having a home is not a requirement to be eligible to register to vote, and voters can use an address other than their residential address as a mailing address.""",X posts,https://www.politifact.com/factchecks/2024/sep/11/tweets/texas-election-law-allows-homeless-voters-to-regis/,28c23e94-c105-46e7-adf5-38eeba00217e
"Dr. Leo Ferreira, a cancer researcher shown in a video clip, was on the plane that crashed in Brazil on Aug. 9.",false,"A Facebook post claimed that ""Dr. Leo Ferreira,"" a cancer researcher shown in a video clip, was on the plane that crashed Aug. 9 in Brazil. Dr. José Roberto Leonel Ferreira, a professor and radiologist with an imaging center in Brazil, died in the crash, according to news reports. The Associated Press and local news reports said Dr. José Roberto Leonel Ferreira, a recently retired doctor and professor, was among the passengers who died in the crash.",Facebook posts,https://www.politifact.com/factchecks/2024/aug/15/facebook-posts/social-media-posts-misidentify-immunologist-as-som/,20390794-cb0b-4ddf-8381-2f5d7936e923
"Trump said “you used to be able to get cereal for 20, 30 bucks a pound.”",false,"We rate the claim that Trump said this viral quote about buying cereal in pounds False. Trump has previously talked about people using an ID for grocery purchases, but he said that in a very different context. That screenshot shows Trump speaking at an Aug. 15 press conference at his golf club in Bedminster, New Jersey.",Threads posts,https://www.politifact.com/factchecks/2024/aug/21/threads-posts/no-trump-did-not-say-this-viral-quote-about-buying/,fbdddb15-ff93-40b0-9e8d-208de7f34385
"Florida ""put Tom Walz instead of Tim Walz"" on its ballots.",half-true,"At least three Palm Beach County voters had returned ballots with the misspelling before it was corrected, Link said Sept. 24. The county’s elections supervisor said 257 overseas voters opened an email that contained a link to the ballot with the typo. Any voters concerned about their ballots are welcome to call the Palm Beach County office, Link said.",Threads posts,https://www.politifact.com/factchecks/2024/sep/25/threads-posts/its-tim-not-tom-walz-but-typo-on-florida-countys-o/,a3c0ae85-8341-4f34-8cd1-64c48f09b070
"""Elon Musk anuncia su primera novia (un robot con inteligencia artificial)"".",false,"Tech 4 Peace, un medio de verificación iraquí, signatario de la Red Internacional de Verificación de Hechos, también reportó que la imagen de Musk con la supuesta robot fue creada con inteligencia artificial. La imagen de Musk sentado en un restaurante con una robot humanoide no es real y no hay pruebas de que él anunció ""su primera novia (un robot con inteligencia artificial)"". El 15 de enero Musk publicó un video en X de uno de los humanoides doblando ropa.",Instagram posts,https://www.politifact.com/factchecks/2024/aug/14/instagram-posts/imagen-de-elon-musk-con-novia-robot-es-falsa-se-or/,f8d1b342-4014-4bac-be95-ed926638cb9e
“Elon Musk silences Taylor Swift: Shocking ban wipes out 1 million followers and costs her a staggering $72 million!”,false,"We rate claims that Musk banned Swift from X False. Singer-songwriter Taylor Swift has more than 95 million followers on X and, as of Sept. 26, her account was active. Still, a Sept. 25 Facebook post claimed that X owner Elon Musk had banished her from the social media site.",Facebook posts,https://www.politifact.com/factchecks/2024/sep/27/facebook-posts/taylor-swift-has-x-account-but-that-hasnt-stopped/,94eb980f-0d67-4a0c-ad51-0e07468474fd
"“Michael Jordan rejects $400 million Disney offer, stating, ‘I do not collaborate with companies aligned with woke ideologies.’”",false,"""Breaking: Michael Jordan Rejects $400 Million Disney Offer, Stating ‘I Do Not Collaborate With Companies Aligned With Woke Ideologies’ In Bold Move,"" an Aug. 3 Facebook post said. Former NBA and ""Space Jam"" star Michael Jordan didn’t decry The Walt Disney Co., despite a claim bouncing around the internet. In 2023, fact-checkers checked a similar claim that Jordan had turned down a $120 million ad campaign with Disney.",Facebook posts,https://www.politifact.com/factchecks/2024/aug/07/facebook-posts/space-sham-nba-star-michael-jordan-didnt-slam-disn/,48cdb724-3d56-47fb-aada-4afb03dd170b
Video shows Vice President Kamala Harris using a teleprompter.,false,"The post included a video clip without sound that showed Winfrey from behind and Harris in profile as words on a teleprompter scrolled in their foreground. We rate claims this video shows Harris using a teleprompter False. ""Apparently Kamala Harris had a freaking TELEPROMPTER during her ‘interview’ with Oprah.",X posts,https://www.politifact.com/factchecks/2024/sep/24/tweets/no-this-video-doesnt-show-kamala-harris-using-a-te/,328ff2a7-bb7a-4485-b3c2-51674a525e18
"""Samsung drops out of $1 billion advertising campaign with Olympics.""",false,"We rate the claim that Samsung has withdrawn sponsorship for the Olympics False. ""The IOC has an agreement with Worldwide Olympic Partner Samsung through 2028,"" the statement said. Since the opening ceremony, Samsung has continued to share articles about its involvement in the games on its website and social media.",Facebook posts,https://www.politifact.com/factchecks/2024/aug/02/facebook-posts/no-samsung-has-not-withdrawn-its-olympics-sponsors/,7216a2e0-b86e-4afb-91cb-2c1b2d52e26c
"La vicepresidenta Kamala Harris ofrece ""solo $750 para los norteamericanos qué perdieron todo con el Huracan"" Helene.",false,"Harris dijo el 2 de octubre en Augusta, Georgia, que FEMA ""está proporcionando decenas de miles de dólares más para la gente para ayudarles a ser capaces de hacer frente a la reparación de viviendas, para ser capaz de cubrir un deducible cuando y si tienen seguro, y también los gastos de hotel"". La página web de FEMA dijo que esto incluye la financiación de los gastos de reparación de viviendas y alojamiento temporal. La Casa Blanca indicó en una hoja informativa del 2 de octubre que FEMA pagó más de $1 millón a más de 1,400 hogares de Carolina del Norte.",Instagram posts,https://www.politifact.com/factchecks/2024/oct/08/instagram-posts/harris-no-dijo-que-victimas-del-huracan-helene-sol/,3bc3418b-c993-4d41-bcef-6209454d3285
"Kamala Harris’ X post said the Olympics’ opening ceremony “made France look great! America, this is what we need to strive towards!”",false,"A July 28 X post that included a screenshot of what appeared to be a Harris X post that said, ""What an impressive show by all of these beautiful and diverse people at the Opening Ceremony of The Olympics! But Harris didn’t post on X with that, or anything else, reacting to the Olympics’ opening ceremony. The fabricated post shows three scenes screenshotted from the July 26 opening ceremony.",Social Media,https://www.politifact.com/factchecks/2024/aug/06/social-media/kamala-harris-didnt-praise-the-olympics-opening-ce/,e54ec268-d9b6-4928-afd3-9b7d1702fe64
"""Elon Musk Declares: ‘Pride flags should be banned from classrooms, forever!’""",false,"The claim that Elon Musk called for pride flags to be banned in classrooms originated on a satire site. Its Sept. 4 post read, ""Elon Musk Says: ‘Pride Flags Should Be Banned from Classrooms, Permanently!’ (Satire)"" and linked in the comments to the satire site Esspots.com. X owner and Tesla CEO Elon Musk has invited controversy, but a viral claim about him calling for a ban on pride flags started as satire.",Facebook posts,https://www.politifact.com/factchecks/2024/oct/04/facebook-posts/claim-about-elon-musk-banning-pride-flags-originat/,1a0f23c4-dc9d-408d-aaac-85cafa31a1c7
Vice President Kamala Harris “even wants to legalize fentanyl.”,false,"Trump said Harris ""wants"" to legalize fentanyl as president. Trump said Harris ""even wants to legalize fentanyl."" Trump said that Harris wants to ""legalize"" fentanyl, but the ACLU questionnaire asked about ""decriminalization.""",Donald Trump,https://www.politifact.com/factchecks/2024/oct/01/donald-trump/trump-said-harris-wants-to-legalize-fentanyl-thats/,fbf1c5d5-0d2b-4c83-9bf0-25bd78fd1292
An image shows the social media profile of the accused suspect in the Apalachee High School shooting.,false,"We rate claims the image in this post shows the shooting suspect’s X profile False. What appears to be a screenshot of an X profile shows a person wearing what looks like a Harris hat and a shirt that says ""trans"" with a bio that says: ""Kamala 2024 end all MAGAts"" and a gun emoji. A Sept. 5 Google search showed that before the shooting even happened, the profile said: ""to any lawyers, journos, cops & the CIA: this content is all fake and made up.""",Viral image,https://www.politifact.com/factchecks/2024/sep/05/viral-image/an-x-account-purporting-to-belong-to-the-apalachee/,55ba44fd-d318-4f5b-9d97-ef71c2cb4272
"The FBI said it would “visit” Elon Musk for writing on X, “No one is even trying to assassinate Biden/Kamala.”",false,"""Unlike his kids, we’re gonna visit him for this,"" read the supposed Sept. 16 FBI X post. The post in the purported screenshot didn’t appear on the FBI’s X account as of Sept. 17, and we found no evidence, such as credible news stories, that the agency posted and then deleted the supposed response to Musk. A purported screenshot of the FBI responding to Musk’s post started circulating on social media the next day.",Viral image,https://www.politifact.com/factchecks/2024/sep/17/viral-image/no-this-isnt-an-authentic-fbi-post-responding-to-x/,e03f085c-2fb4-47de-b011-5e544912f9eb
"“If you make less than $100,000, Trump is about to raise your taxes. Currently, you’re taxed at 10% and then 12%. He would raise that to a flat rate of 15%.”",false,"If Trump is elected and he successfully keeps the existing tax brackets in place, people making less than $100,000 will not see their income taxes increase to 15%, because the tax brackets will remain the same as they are today. Still, Trump has never said that he plans to enact the tax policy changes that Project 2025 proposes, so there’s no currently available evidence that he would pursue it. Although the Project 2025 plan doesn’t specifically recommend eliminating the standard deduction, if it were done away with along with most other tax credits, then people making up to $100,000 would end up paying a higher effective tax rate on their whole income, while people on the higher end of the first bracket would be paying lower taxes.",Wisco Project,https://www.politifact.com/factchecks/2024/sep/20/wisco-project/trump-has-not-said-hell-raise-taxes-on-people-maki/,fe765528-09b0-45e2-b749-c578cc9e4427
"The government gave $3,500 debit cards to immigrants while giving only $750 to Hurricane Helene victims.",false,"We rate the claim that the government gave $3,500 debit cards to migrants while only giving $750 to Hurricane Helene victims False. The claim about $3,500 debit cards refers to a New York City initiative that began as a pilot program in March and gave prepaid debit cards to 500 migrant families sheltering in New York City hotels to reduce the cost of food distribution. Source: A table emailed to PolitiFact from a spokesperson for New York City Mayor Eric Adams,  showing debit card allotments for migrants based on household size for a 28-day period.",Facebook posts,https://www.politifact.com/factchecks/2024/oct/11/facebook-posts/no-migrants-dont-receive-3500-debit-cards/,8d80028c-9552-4fcb-aa22-419e0c3ad1ac
Taylor Swift “admits to having done immoral things with Diddy in the past to gain fame.”,pants-fire,"It led to a blog post that claimed Swift ""broke down in tears"" during a live interview with Kelce, a tight end for the Kansas City Chiefs NFL team. The blog post gave no further details, such as when and where this purported interview happened. But we found no credible evidence, such as news reporting, public statements or interview footage to corroborate the claim that Swift said she did something ""immoral"" with Combs.",Facebook posts,https://www.politifact.com/factchecks/2024/oct/09/facebook-posts/no-taylor-swift-didnt-confess-to-immoral-things-wi/,7400257f-0ced-43f8-ba3a-8aabea78b2c3
“FEMA is supposed to help out white people last for the purpose of ‘equity.’ … It’s literally on the FEMA website.”,pants-fire,"But the page doesn’t say that FEMA must help white people last. We rate claims FEMA is supposed to help white people last Pants on Fire! ""Under the Biden Harris administration FEMA is supposed to help out white people last for the purpose of ‘equity.’ Don’t believe me?",Threads posts,https://www.politifact.com/factchecks/2024/oct/10/threads-posts/femas-website-doesnt-say-it-must-help-white-people/,6f3799b0-82c4-46ca-abed-c6532e029c02
"“Illegal” Haitians in Springfield, Ohio, are “reportedly killing and eating pets.”",pants-fire,"The claim about migrants eating pets is unfounded, with a city spokesperson saying there are no credible reports it’s happening. PolitiFact rated social media posts about the claim False on Sept. 9, and Trump’s debate claim Pants on Fire on Sept. 10. ""Kamala Harris and Sherrod Brown are responsible for flooding Springfield, Ohio with thousands of illegal Haitians who are sucking up social services and even reportedly killing and eating pets,"" Moreno said in the caption of a Sept. 9 Instagram post.",Bernie Moreno,https://www.politifact.com/factchecks/2024/sep/18/bernie-moreno/republican-us-senate-candidate-bernie-moreno-pushe/,4629632e-5bdb-4e5e-89f0-ed3b4ffd800a
"“400,000 workers are now in a union that were not in a union when (Biden) became president.”",mostly-true,"Su said, ""Four hundred thousand workers are now in a union that were not in a union when (Biden) became president."" During a press conference, she said, ""Four hundred thousand workers are now in a union that were not in a union when (Biden) became president."" During the last 10 years, union membership was at its highest in 2017 at 14,744,00 — some 300,000 union members more than now.",Julie Su,https://www.politifact.com/factchecks/2024/sep/23/julie-su/yes-union-membership-has-increased-under-biden-but/,0e13511c-467b-4481-8f53-3016007e9f28
“Netflix loses 6 million subscribers within hours of donation announcement.”,false,"""Netflix loses 6 million subscribers within hours of donation announcement: ‘The people have spoken,’"" text in an image featuring Harris said in a July 26 Facebook post. We found no evidence to support the claim that Netflix has lost 6 million subscribers as a result of Hasting’s donation. But claims that Netflix lost millions of subscribers as a result originated on a self-described satire page.",Facebook posts,https://www.politifact.com/factchecks/2024/jul/31/facebook-posts/claim-netflix-lost-subscribers-over-co-founders-ca/,613487ff-26a4-40df-b19a-60215b13a7c2
Switzerland “no longer recognizes Islam as an official religion.”,false,"The law followed a 2011 referendum in which Swiss voters approved a proposal to ban face coverings in public. In 2021, the Swiss government opposed the referendum to ban face coverings, as did a coalition of left-leaning parties that called the proposal Islamophobic, The Associated Press reported then. We rate claims Switzerland no longer recognizes Islam False.",Threads posts,https://www.politifact.com/factchecks/2024/jul/31/threads-posts/switzerland-didnt-disacknowledge-islam-as-social-m/,bd0cd7c3-1e9c-4a0b-b929-969f921a2101
"Video shows Tim Walz “falsely claims that being gay in Nebraska is ‘illegal’""",false,"The post included a clip in which Walz said, ""Think about this, when I was a kid growing up in Nebraska being gay was illegal, still technically illegal."" His full statement: ""Think about this, when I was a kid growing up in Nebraska, being gay was illegal, still technically illegal. We rate the claim that Walz ""falsely claims that being gay in Nebraska is ‘illegal’"" False.",Instagram posts,https://www.politifact.com/factchecks/2024/sep/11/instagram-posts/no-walz-didnt-claim-its-illegal-to-be-gay-in-nebra/,2e978245-5481-4ea7-b157-ffb4e3d668ed
“Kamala involved in P-Diddy’s rapes and assaults.”,pants-fire,"We searched Google and the Nexis news database and found no credible reports of Harris being involved in Combs’ alleged crimes. Harris was California’s attorney general from 2011 to 2017. The Instagram video presented no evidence to support the claim, citing only Harris’ role as California’s attorney general during the period in which Combs supposedly committed the crimes.",Instagram posts,https://www.politifact.com/factchecks/2024/sep/30/instagram-posts/no-evidence-implicating-kamala-harris-in-sean-didd/,2e814f8c-8f53-459a-b57f-0b9c2451bd3b
FEMA “blocked a runway” at a South Carolina airport and “halted” hurricane relief flights.,false,"An Instagram video said that FEMA closed a runway at a Greenville, South Carolina, airport and halted flights of donated supplies to hurricane victims. Roberts said in the video that FEMA was at the airport only for medical reasons and the group has had no contact with the federal agency. An airport spokesperson said a secondary runway was closed for three days for a FEMA contractor, but that closure didn’t affect flights in or out of the airport.",Instagram posts,https://www.politifact.com/factchecks/2024/oct/07/instagram-posts/no-fema-didnt-block-hurricane-relief-flights-at-so/,8e7b76f8-a6fe-4590-914a-5e3c7e0586aa
"“The entire family of Kamala Harris’ running mate, Tim Walz—they are all supporting Donald Trump.”",false,"Of course, anyone who watched the Democratic National Convention would know that Walz’s entire family doesn’t support Trump. ""Tim Walz’s family back in Nebraska wants you to know something … "" he said, sharing the image. Neither did Charles Herbster, a former Nebraska governor candidate who first posted the photo on X.  Herbster, however, didn’t claim Walz’s entire family supported Trump.",Viral image,https://www.politifact.com/factchecks/2024/sep/06/viral-image/no-tim-walzs-entire-family-isnt-supporting-the-tru/,62ef5ae4-2fb9-424c-80a3-927645196dd1
"“Kamala Harris wants to give $25,000 to illegal aliens to buy American homes.”",false,"The Vance campaign pointed PolitiFact to Harris’ recently announced proposal that would provide up to $25,000 for first-time homebuyers to put toward a down payment on a home. The Vance campaign argued that migrants could get Social Security numbers that might qualify them for down payment assistance. The Vance campaign said that migrants who entered the U.S. illegally under the Biden-Harris administration could, over time, qualify for Harris’ down payment assistance proposal.",JD Vance,https://www.politifact.com/factchecks/2024/aug/22/jd-vance/jd-vances-false-claim-that-harris-wants-to-give-im/,7504aa11-dfc0-4659-8d59-f46873bc1223
Former President Donald Trump “cut overtime benefits for millions of workers.”,barely-true,"The Trump administration did not challenge the judge’s ruling and instead set its own overtime rule, which extended overtime pay to millions fewer people than Obama’s rule would have done. In 2016, the Obama administration set a rule that would have raised the salary threshold for overtime pay. The Trump Labor Department’s overtime rule became effective Jan. 1, 2020, and raised the overtime pay eligibility to salaried workers earning $35,568 per year.",Tim Walz,https://www.politifact.com/factchecks/2024/aug/20/tim-walz/fact-check-tim-walz-misleads-about-trump-and-overt/,c01ddff4-299b-4794-b990-a20a78965fcb
"Este es “vídeo de una inmigrante haitiana que asesinó y se comió al gato de sus vecinos” en Springfield, Ohio.",pants-fire,"La publicación incluye imágenes de la cámara corporal de un oficial arrestando a una mujer después de que los vecinos dijeran que ella mató y se comió un gato en una zona residencial. Alexis Ferrell, de Canton, Ohio, fue arrestada el 26 de agosto por crueldad animal y alteración del orden público después de que la policía de Canton dijera que torturó, mató y se comió un gato frente a la gente de Canton. Calificamos la declaración de que una inmigrante haitiana asesinó y se comió al gato de sus vecinos en Springfield, Ohio, como Ridícula y Falsa.",X posts,https://www.politifact.com/factchecks/2024/sep/18/tweets/el-arresto-de-una-mujer-en-canton-ohio-no-tiene-re/,b4b55aae-cc7d-4298-82ec-dd354fe07454
"""We now have historic low unemployment in America among all groups of people.""",half-true,"The record low overall unemployment rate is 2.5%, set in 1953. The record low Latino unemployment rate is 3.9%, a level reached once under Trump in 2019 and once under Biden and Harris in 2022. The unemployment rate for these groups currently ranges between six-tenths of a point to 2 percentage points above the record low for that group.",Kamala Harris,https://www.politifact.com/factchecks/2024/oct/08/kamala-harris/kamala-harris-on-60-minutes-said-unemployment-is-a/,7916525c-0d08-4825-bb1e-2d9acaf9e3d3
"Actor Mel Gibson told talk show host Oprah Winfrey, “You sell children!”",pants-fire,"reads a third quote alongside images of Gibson and Winfrey. reads a quote over what appears to be an image of Gibson generated by artificial intelligence. ""You have no proof,"" reads another quote over a similar image of Winfrey.",Facebook posts,https://www.politifact.com/factchecks/2024/aug/19/facebook-posts/no-mel-gibson-didnt-accuse-oprah-winfrey-of-sellin/,ce56bcf4-a3f8-4b70-bc55-4c1396685e2e
Imagen muestra carnet del Partido Comunista de la vicepresidenta Kamala Harris.,pants-fire,"Pero, el Detector que pertenece a la división de noticias de Univision, reportó que la campaña Harris-Walz le dijo que la publicación en redes sociales de un supuesto carnet es falsa. La imagen de un carnet del Partido Comunista con la imagen de Harris fue creada en una página web y no es auténtica. La publicación en Facebook también dice que el carnet fue otorgado personalmente por el segundo secretario del Liga de la Juventud Comunista Leninista de toda la Unión (VLKSM, por sus siglas en ruso) a Harris en 1984.",Facebook posts,https://www.politifact.com/factchecks/2024/sep/13/facebook-posts/kamala-harris-no-tiene-un-carnet-del-partido-comun/,2ee66475-938e-41b4-8070-d40235b945d8
Video shows buildings crumbling because of an “earthquake in Taiwan.”,false,"We rate claims that this video shows buildings crumbling because of an earthquake in Taiwan False. The video features dark billowing clouds of debris and buildings crumbling set to an audio track that’s been used in TikTok videos that have been altered to show people, animals and buildings magically materializing in clouds. A recent Facebook post purports to show a series of video clips of the destruction wrought by an ""earthquake in Taiwan.""",Viral image,https://www.politifact.com/factchecks/2024/aug/29/viral-image/no-these-buildings-didnt-crumble-because-of-an-ear/,58cd95fc-a539-495a-8608-0b8b9ef21e99
"A zero-tolerance policy during the Trump administration ""led to less family separation than under Kamala Harris' border policies.”",false,"The Trump administration zero-tolerance policy meant that U.S. immigration officials separated children and parents who arrived at the border together. They have generally been used to refer to the Trump administration practice of having immigration officials systematically separate children from their parents at the U.S. border to deter illegal border crossings. The terms ""family separation"" or ""child separation"" have generally described the Trump administration practice of having immigration officials separate children from their parents at the U.S. border to deter illegal crossings.",JD Vance,https://www.politifact.com/factchecks/2024/sep/04/jd-vance/jd-vances-faulty-comparison-of-trump-harris-on-chi/,8e9577da-84c0-4cd8-a9c5-3b5c6b7b9dfb
Kamala Harris posted about banning Barron Trump’s friend from X because he wore a “Biden Loves Minors” shirt.,false,"But Vice President Kamala Harris did not demand Loudon’s banning from social media for wearing a ""Biden Loves Minors"" shirt, as social media users have claimed. We rate the claim that Harris posted about banning Barron Trump’s friend from X because he wore a ""Biden Loves Minors"" shirt False. Harris has not deleted any posts on her X account in the past 30 days, data collected by Social Blade, a social media analytics website, showed.",Instagram posts,https://www.politifact.com/factchecks/2024/aug/14/instagram-posts/no-kamala-harris-did-not-insult-barron-trumps-17-y/,ddd28dc0-6f18-430a-8da0-767e1c612610
“Hurricane Nadine” was on a path to hit Florida on Oct. 10.,false,"But as of Oct. 12, the administration’s National Hurricane Center had not reported that a storm called Nadine was developing near the U.S. PolitiFact has fact-checked other false claims about a supposed Hurricane Nadine. We rate the claim that a hurricane named Nadine was on a path Oct. 12 to hit Florida False. Other posts on Instagram and Facebook made similar claims about an impending Hurricane Nadine, causing understandable concern after Hurricane Helene hit the state Sept. 26 followed by Hurricane Milton on Oct. 9.",Instagram posts,https://www.politifact.com/factchecks/2024/oct/12/instagram-posts/online-rumors-fuel-concern-about-hurricane-nadine/,ece2805d-1658-4874-bc1a-28267847492c
“Melania Trump just filed for divorce MINUTES ago in Palm Beach.”,pants-fire,"We rate the claim that Melania Trump filed for divorce Sept. 1 in Palm Beach Pants on Fire! ""The streets are saying Melania Trump just filed for divorce MINUTES ago in Palm Beach,"" read a Sept. 1 Threads post. On Sept. 1, Jones also posted on X saying, ""BREAKING: Melania Trump filed for divorce in Palm Beach* county through online e-file system, time stamped today at 5:12 PM ET.""",Threads posts,https://www.politifact.com/factchecks/2024/sep/04/threads-posts/no-melania-trump-didnt-file-for-divorce-in-palm-be/,65b87062-95c2-4480-885d-d1eeda2eca80
“Police found human remains and evidence of cannibalism” at Oprah Winfrey’s home.,pants-fire,"More than seven months later, a screenshot of one response is being shared on other social media platforms: ""That time police found human remains and evidence of cannibalism in her LA home that she sold in 2013."" ""why are ppl actually believing this … y’all believe anything""  We rate claims police found evidence of cannibalism and human remains at Winfrey’s home Pants on Fire! We looked for news stories, police reports and other credible sources to corroborate this claim but found none.",Viral image,https://www.politifact.com/factchecks/2024/aug/07/viral-image/police-didnt-find-human-remains-and-cannibalism-ev/,2dee3b61-4e0d-4142-811f-e780731c9362
Hurricane Helene was the product of intentional weather modification.,pants-fire,"The project focused on a hurricane that struck Florida on Oct. 12, 1947. There’s no proof that Hurricane Helene was formed through weather modification. Allen cited Project Stormfury, a NOAA project in the 1960s that ""involved seeding existing hurricanes.""",Instagram posts,https://www.politifact.com/factchecks/2024/sep/27/instagram-posts/hurricane-helene-was-not-a-product-of-weather-modi/,4c972df9-1f9b-4ec4-83db-8140c350fba5
Image shows “Michelle Obama’s necklace from DNC speech” said “Mike.”,pants-fire,"The image in the post is not from the 2024 convention, where she wore navy and had her hair up. ""Michelle Obama’s necklace from DNC speech goes instantly viral,"" read the text that appeared over an image of Obama shared in a Sept. 2 Instagram post. The image in this post was altered.",Viral image,https://www.politifact.com/factchecks/2024/sep/11/viral-image/michelle-obama-wore-a-vote-necklace-at-the-2020-dn/,7c33c7a4-af58-493e-b7b2-5ba5d773af73
Says Minnesota Gov. Tim Walz had his stomach pumped “after overingesting horse semen.”,pants-fire,"Although there is a West Point News in West Point, Nebraska, we didn’t find a West Point Daily News. We also found no West Point General Hospital in West Point, Nebraska, or evidence of a Dr. Amanda Thompson who worked there. The photo that appears in the purported stomach-pumping story has been used in connection with his time teaching there at Mankato West High School.",Viral image,https://www.politifact.com/factchecks/2024/aug/09/viral-image/story-about-gov-tim-walz-getting-his-stomach-pumpe/,f983b61f-1a53-4412-82b6-e2614b96d157
The Minnesota Vikings have denounced Tim Walz: “We don’t suppᴏrt his values.”,pants-fire,"We rate the claim that Minnesota Vikings denounced Walz Pants on Fire! A viral Facebook post claimed the NFL’s Minnesota Vikings distanced itself from home state Gov. ""The Minnesota Vikings have denoᴜnced Tim Walz: ""We don’t sᴜpport his values,"" a Sept. 11 Facebook post, featuring a photo of Walz, said.",Facebook posts,https://www.politifact.com/factchecks/2024/sep/12/facebook-posts/touchdown-false-the-minnesota-vikings-didnt-denoun/,7b20c90e-0569-4a09-bc18-86b794b7535e
"Karine Jean-Pierre, President Joe Biden’s press secretary, ended a press conference when a reporter asked about Donald Trump’s assassination attempt.",false,"We rate the claim that Jean-Pierre ended a press conference when a reporter asked about Donald Trump’s second assassination attempt False. News of an apparent second assassination attempt Sept. 15 on former President Donald Trump has led to a slew of misinformation online. In an Instagram reel, Fox News correspondent Peter Doocy says to Jean-Pierre, ""It’s been only two days since somebody allegedly tried to kill Donald Trump again, and you’re here at the podium in the White House Briefing Room calling him a ‘threat.’ How many more assassination attempts on Donald Trump until the president and the vice president and you pick a different word to describe Trump other than ‘threat’?""",Instagram posts,https://www.politifact.com/factchecks/2024/sep/18/instagram-posts/no-bidens-press-secretary-didnt-walk-out-when-aske/,24dbecd0-5f0a-456b-8aa1-8dcbbeb294fe
Shows video of damage from Hurricane Helene.,false,"We rate the claim that this video shows scenes of Hurricane Helene False. We found a record of the fifth clip showing debris flying across an apartment complex being shared online before Helene. Set to the wail of sirens, a viral video on social media claims to show scenes of Hurricane Helene and its aftermath.",Facebook posts,https://www.politifact.com/factchecks/2024/sep/28/facebook-posts/no-these-clip-dont-show-hurricane-helene-in-florid/,35c6ee08-8908-42b5-a81a-5d7222239d5f
The order of candidate names on North Carolina’s ballot shows a “clear attempt at voter manipulation.”,false,"There’s no evidence North Carolina’s election ballot has been manipulated. The post said the order of names listed on North Carolina’s ballot shows a ""clear attempt at voter manipulation."" Pundits and political strategists pay attention to the order of names on a ballot because candidates whose names are listed first tend to perform better than candidates whose names are listed further down the ballot, researchers have found.",X posts,https://www.politifact.com/factchecks/2024/aug/28/tweets/no-north-carolinas-ballot-order-doesnt-show-attemp/,1712708b-7c9d-48d9-813e-e3520d46677d
Video shows tornadoes in Canada.,false,"We rate claims this video shows tornadoes in Canada False. ""Tornado storm in Canada,"" the text over the video says. That video was shared as a mirror image of the one seen in the Canada claim.",Viral image,https://www.politifact.com/factchecks/2024/sep/12/viral-image/a-video-purporting-to-show-tornadoes-in-canada-twi/,a0f39cdc-2602-449f-8ae9-a2b855deb1a0
"Vice President Kamala Harris' comments in Augusta, Georgia, show the Biden administration is offering Hurricane Helene victims only $750 in relief.",false,"We rate the claim that Harris said the Biden administration is providing only $750 to Hurricane Helene victims False. As of Oct. 4, FEMA said the Biden administration provided more than $45 million ""in flexible, upfront funding"" to Hurricane Helene survivors. The White House said in an Oct. 2 fact sheet that through the Serious Needs Assistance program, FEMA had paid out more than $1 million to more than 1,400 North Carolina households within 24 hours.",Instagram posts,https://www.politifact.com/factchecks/2024/oct/04/instagram-posts/kamala-harris-didnt-say-only-750-was-available-to/,62cca788-7257-49be-8418-26a2d2518885
"""FEMA is out of money and doesn't have money to transfer to those people affected by the hurricane ... they used the money to assist illegal immigrants.""",false,"In a video on X, Hovde claimed FEMA is ""out of money"" amid Hurricane Helene recovery and the agency ""used the money to assist illegal immigrants."" FEMA says ""no money is being diverted from disaster response needs,"" such as international or border-related issues. Here’s what FEMA says about claims that Hovde and others have made about Hurricane Helene.",Eric Hovde,https://www.politifact.com/factchecks/2024/oct/08/eric-hovde/eric-hovde-circulates-false-hurricane-helene-claim/,ce7cb3d0-e49b-4df1-bbe1-1dbad4fd1a82
A Republican representative posted a response to the vice presidential debate before it happened.,false,"We rate claims a genuine Republican congressman prematurely responded to the vice presidential debate False. Did a lawmaker accidentally tweet his partisan analysis of the Oct. 1 vice presidential debate hours before it even began? ""Sorry, I had an intern send this out at 7am instead of 7pm,"" Kimble said in response to the premature debate post.",Viral image,https://www.politifact.com/factchecks/2024/oct/09/viral-image/no-this-isnt-a-real-republican-representative-prem/,a121e70a-c557-46e9-85d0-d0778d476b84
Kamala Harris’ “plan to tax unrecognized Capital Gains mean(s) if your house goes up in value you will have to pay that Tax Even if you don’t sell your House!”,barely-true,"Some economists said an unrealized capital gains tax would promote more equity in the tax code. Most crucially: Most Americans wouldn’t have to pay a tax on the appreciated value of their unsold assets and this tax would apply only to people with more than $100 million in wealth. Social media posts claimed Harris’ ""plan to tax unrecognized Capital Gains mean(s) if your house goes up in value you will have to pay that Tax Even if you don’t sell your House.""",Facebook posts,https://www.politifact.com/factchecks/2024/aug/30/facebook-posts/harris-backs-an-unrealized-capital-gains-tax-it-wo/,4517b50e-7675-458f-941c-79683246a621
Former President Donald Trump admitted during the Sept. 10 presidential debate that he “blew up the Nord Stream pipeline.”,pants-fire,"An Instagram video said Trump admitted during the Sept. 10 presidential debate that he ""blew up the Nord Stream pipeline."" Alex Pfeiffer, a Trump campaign team member, also referred PolitiFact to a 2019 Atlantic Council article about Trump imposing sanctions that halted the completion of the Nord Stream 2 pipeline. The Instagram video then cut to Trump at the debate saying, ""He said ‘Russia was afraid of him.’ I ended the Nord Stream 2 pipeline.""",Instagram posts,https://www.politifact.com/factchecks/2024/sep/13/instagram-posts/did-donald-trump-take-credit-for-blowing-up-the-no/,00b75df4-d4b1-4c75-a173-a068289a40cf
“Violent crime was up under Donald Trump.”,half-true,"But in 2020, the violent crime rate spiked to 385.2 per 100,000 people — higher than any previous year under Trump. Even accounting for the 2020 spike, the violent crime rate in Trump’s final year was still lower than it was during the final year of his predecessor, President Barack Obama. However, the violent crime rate in Trump’s final year was still slightly lower than it was during the final year of his predecessor, Obama.",Tim Walz,https://www.politifact.com/factchecks/2024/aug/07/tim-walz/was-tim-walz-right-that-violent-crime-was-up-under/,615e3aa5-6b41-499e-a572-9f5fca9d4a01
“Taylor Swift blames Instagram for losing millions of followers after Harris endorsement: ‘It must be a glitch!”,false,"Swift had more than 283 million Instagram followers when she endorsed Harris. ""Taylor Swift blames Instagram for losing millions of followers after Harris endorsement: ‘It must be a glitch!"" The number of Taylor Swift’s Instagram followers came under social media scrutiny after she  endorsed Vice President Kamala Harris, the 2024 Democratic presidential nominee Sept. 10.",Facebook posts,https://www.politifact.com/factchecks/2024/oct/10/facebook-posts/theres-been-no-glitch-this-claim-about-taylor-swif/,46e9b839-03e1-43d1-89bf-79c24d5d7bea
“The NFL will now use facial recognition at every stadium to verify the identity of everyone at the game.”,false,"An Instagram post claimed ""The NFL will now use facial recognition at every stadium to verify the identity of everyone at the game."" ""The NFL will now use facial recognition at every stadium to verify the identity of everyone at the game,"" text added to an image shared Aug. 4 on Instagram read. That mischaracterizes the league’s plan to adopt a new system that will rely on facial authentication software to grant credentialed staff and other stadium workers access to secured areas of the stadium.",Instagram posts,https://www.politifact.com/factchecks/2024/aug/16/instagram-posts/nfl-to-use-facial-authentication-technology-for-cr/,7a267e23-7b53-4cdb-82c0-435eb83cf9ab
Donald Trump “took away protections against discrimination for LGBTQ patients under the Affordable Care Act.”,mostly-true,"Under the Trump administration, the Department of Health and Human Services finalized a rule that removed several LGBTQ+ discrimination protections that the Obama administration had instituted. The Trump administration rolled back numerous Obama-era protections against LGBTQ+ discrimination in health care and insurance coverage under the Affordable Care Act. Although regulations the Trump administration issued undid Obama-era LGBTQ+ discrimination protections in the ACA, a tangled legal landscape means the ability to enforce these anti-discrimination provisions isn’t clear.",Kamala Harris,https://www.politifact.com/factchecks/2024/sep/09/kamala-harris/mostly-true-trump-admin-reversed-lgbtq-protections/,f7d07918-4a0e-4a33-86a0-80a5915c0a08
"U.S. Sen. Sherrod Brown voted to “give illegals taxpayer funded stimulus checks, health care, even Social Security.""",false,"So, an amendment that barred immigrants in the country illegally from receiving benefits would not be in order. Keyes added that Brown again voted June 26, 2013, on an amendment to an immigration bill that prevented immigrants in the country illegally from receiving Social Security for work done illegally. Brown campaign spokesperson Matt Keyes said Brown voted for a similar amendment from then-Sen. Bob Menendez, D-N.J., the same day as the Sessions amendment reaffirming immigrants in the country illegally cannot receive federal benefits.",Bernie Moreno,https://www.politifact.com/factchecks/2024/sep/04/bernie-moreno/bernie-moreno-misleads-on-sherrod-brown-votes-for/,29641391-d944-4162-bc3d-46998d78645f
"“Anything that you lose on the tariff from the perspective of the consumer, you gain in higher wages, so you're ultimately much better off.”",false,"He said some economists say tariffs raise costs for consumers. And higher input costs are also likely to be passed on to consumers, economists said. Our previous review of academic studies of real-world tariffs concluded that consumers ultimately shoulder most of the burden in higher prices for goods, and the burden outweighs tariffs’ economic benefits.",JD Vance,https://www.politifact.com/factchecks/2024/aug/29/jd-vance/most-economists-and-analyses-say-jd-vance-is-wrong/,feeb3346-38e0-4d79-a36b-c31b72de2e73
“BREAKING: Police found ‘explosives’ in car near former President Donald Trump’s rally site on Long Island.”,false,"We rate the claim that police found explosives in a car near Trump’s Uniondale, New York,  rally False. However, local police said that rumors about explosives found near the rally are false. One Instagram user shared a Sept. 18 Daily Mail headline that said, ""BREAKING: Police found ‘explosives’ in car near former President Donald Trump’s rally site on Long Island.""",Instagram posts,https://www.politifact.com/factchecks/2024/sep/19/instagram-posts/false-claims-spread-about-explosives-at-trump-ny-r/,9d74b8ea-de4c-4de7-a3b9-470c2c46d962
“Mike Tyson says he’s willing to box Olympic DUDE with all proceeds to go to a battered women’s charity.”,false,"""Mike Tyson says he’s willing to box Olympic DUDE with all proceeds to go to a battered women’s charity,"" an Aug. 2 Threads post said, sharing side-by-side photos of Tyson Khelif. The Boxing Unit, which the International Olympic Committee set up and which handled eligibility for boxing at the 2024 Paris Olympics, affirmed Khelif could compete. But the International Olympic Committee no longer recognizes the International Boxing Association.",Threads posts,https://www.politifact.com/factchecks/2024/aug/09/threads-posts/mike-tyson-didnt-say-hed-box-algerian-imane-khelif/,0fc18f96-4e15-4bf0-b989-af48c5daeef9
“The Montana Secretary of State left Kamala Harris off the ballot.”,half-true,"""The Secretary of State notified county election officials that they were troubleshooting missing choices in races in the electronic system for UOCAVA (Uniformed and Overseas Citizens Absentee Voting Act) voters on Friday morning and were temporarily taking the system offline,"" Aldrich said. Registered overseas voters are sent physical absentee ballots in the mail 45 days before the election, but also can use the Electronic Absentee System to print a ballot and mail it back or fill in an online ballot, the secretary of state’s website says. Physical absentee ballots for Montana voters who are not overseas will be mailed Oct. 11.",Social Media,https://www.politifact.com/factchecks/2024/sep/24/social-media/montana-electronic-ballot-for-overseas-voters-omit/,c8752151-54f6-4c66-933d-a7b105475310
"North Carolina removed 747,00 voters from the voter rolls to try to “steal the election.”",false,"An Instagram post said North Carolina removed 747,00 voters from the voter rolls to try to ""steal the election."" On Sept. 26, North Carolina said it had removed almost 750,000 ineligible people from its voter rolls since January 2023. Multiple election experts said the removal of about 747,000 registrants from North Carolina’s voter rolls across nearly two years reflects normal list maintenance, which state and federal law requires.",Instagram posts,https://www.politifact.com/factchecks/2024/oct/04/instagram-posts/north-carolinas-747000-voter-roll-removals-are-leg/,55ce19e8-b17d-4361-b7c9-48b229a5352e
"Tim Walz said ""we can't afford four more years"" of Kamala Harris.",false,"We rate the claim that Walz said we can’t afford four more years of Harris False. She is the ‘this.’""  It included a video clip of Walz saying, ""We can’t afford four more years of this."" ""In a stunning move, Tim Walz makes the case for Trump: ‘We can't afford four more years of this,’"" the conservative podcaster and commentator Benny Johnson posted on X.",Instagram posts,https://www.politifact.com/factchecks/2024/sep/24/instagram-posts/viral-video-misleads-with-truncated-clip-of-tim-wa/,2e82712d-0dbd-4cbf-8593-28d3abb8dc8c
"“Donald Trump added more to the national debt than any other president, ever.”",half-true,"Much of the debt allocated to Trump and Biden will not show up in the federal ledger until years after they leave office. The increase in the federal debt on a president’s watch shows that Trump ranks first for debt in a single term, but Biden is projected to pass him by January 2025, when he leaves office. So far, Biden has added less to the debt — $7.6 trillion — than Trump has.",Tim Walz,https://www.politifact.com/factchecks/2024/sep/25/tim-walz/fact-checking-tim-walz-on-which-president-added-th/,4dfe02da-5f3a-489b-9358-c919ca47e183
“Univision accidentally shows that Kamala Harris is reading from a teleprompter live on air.”,false,"The claim that Harris used a teleprompter in a Univision town hall is not true, the town hall’s monitor and a Univision news president said. Social media users are taking a short video clip from a more than an hourlong Oct. 10 Univision town hall in Las Vegas to falsely claim Vice President Kamala Harris was using a teleprompter. The claim that Harris used a teleprompter mirrors criticism from conservatives that she can’t speak off-script.",Instagram posts,https://www.politifact.com/factchecks/2024/oct/11/instagram-posts/teleprompter-at-univision-town-hall-was-for-modera/,3c2dc6c3-7fe6-4288-84d1-f3b3ad81955c
The American flag is missing from the Democratic National Convention in Chicago.,false,PolitiFact rated False a similar claim that American flags were missing from a 2019 Democratic debate. We rate multiple X posts claiming that the American flag is missing from the 2024 Democratic National Convention in Chicago False. Former President Donald Trump also said there were no American flags at the last in-person DNC in 2016.,X posts,https://www.politifact.com/factchecks/2024/aug/21/tweets/american-flag-wasnt-missing-at-the-dnc/,d117b988-a514-40d8-a91e-3a071098ab51
"Imágenes en este video de un tobogán inflable volando son de la ""tormenta tropical helena en Florida EEUU"".",false,"El perfil de Facebook de Cofield dice que él vive en Alabama. El 19 de agosto, la página en Facebook ""This is Alabama"" que comparte contenido sobre el estado, publicó el video de la tormenta, citando a Cofield como el autor. Encontramos el video compartido en Facebook en esa cuenta de TikTok.",Facebook posts,https://www.politifact.com/factchecks/2024/oct/04/facebook-posts/clips-en-este-video-son-de-una-tormenta-en-alabama/,fc6e6d0f-ae4f-4a70-8e12-8224d880d3f8
Minnesota Gov. Tim Walz signed a law that would “take children away from their parents if the parents don’t want to consent to sex changes.”,false,"The law enables Minnesota courts to hear custody cases and issue temporary custody orders in cases in which a parent brings a child to Minnesota to seek gender-affirming care. It amended parts of the Uniform Child Custody Jurisdiction and Enforcement Act to enable Minnesota courts to hear custody cases and issue temporary custody orders in cases in which a parent brings a child to Minnesota to seek gender-affirming care. The law would neither ""take away"" a parent’s custody rights, nor would it authorize the government to take custody of a child just because a parent objects to gender-affirming care.",JD Vance,https://www.politifact.com/factchecks/2024/aug/27/jd-vance/jd-vance-misrepresents-minnesota-law-on-kids-seeki/,d4c20d22-b796-48d3-ab46-6394bc70ea95
An image shows a child affected by recent hurricanes in the United States.,false,"In the Threads post’s image, the child is wearing a shirt that appears blue or purple. In the other image, the child wears a shirt that appears black. A third image showed the child in yet another boat, in a sleeveless shirt.",Viral image,https://www.politifact.com/factchecks/2024/oct/11/viral-image/recent-hurricanes-devastated-us-communities-but-th/,caf59899-a69c-4369-ac30-dc6ec7d9c019
“Tim Sheehy told us his health care plan: ‘We need to return health care to pure privatization.’ That would eliminate Medicare.”,barely-true,"The Tester campaign ad said, ""Tim Sheehy told us his health care plan, ‘We need to return health care to pure privatization.’ That would eliminate Medicare."" A campaign Facebook ad that began running Sept. 6 said, ""Tim Sheehy told us his health care plan: ‘We need to return health care to pure privatization.’ That would eliminate Medicare, increase prescription drug costs, let insurance companies deny coverage for any reason, and force rural hospitals and nursing homes to close. On his campaign website, Sheehy shares criticisms of the U.S. health care system, including the Affordable Care Act, sometimes called ""Obamacare.""",Jon Tester,https://www.politifact.com/factchecks/2024/sep/20/jon-tester/in-montana-senate-race-jon-tester-exaggerates-tim/,db379323-1309-4e47-a062-6a38d673e67a
"Of Gaza, “I’ve been there.”",false,"Trump said he had been to Gaza. Several experts on Israel or Gaza told us that they had no evidence that Trump as president visited Gaza. President Trump has been to Israel.""",Donald Trump,https://www.politifact.com/factchecks/2024/oct/08/donald-trump/fact-check-trump-said-he-has-been-to-gaza-thats-fa/,4e208173-3db8-4f7a-8d96-a6797a9baaf0
"“Elon Musk backs Caitlin Clark, offers $10 million endorsement.”",false,"""We post SATIRE, nothing on this page is real,"" the SpaceX Fanclub Facebook account page says. ""Elon Musk backs Caitlin Clark, offers $10 million endorsement: ‘I support you, Caitlin Clark,’"" a recent Facebook post said. This claim originated on a self-described satire site and corresponding Facebook account, SpaceX Fanclub.",Facebook posts,https://www.politifact.com/factchecks/2024/aug/06/facebook-posts/claims-elon-musk-endorsed-caitlin-clark-originated/,16327005-cfb2-478c-9602-e241b2cfada5
“100 million ballots (Democrats) prefilled now have the wrong name.”,false,"(Screenshot from Instagram) Experts told PolitiFact this claim is wrong: There are no official general election ballots yet. ""There would be no basis in law for election officials to prepare the ballots for this fall’s general election prior to the deadline for the political parties to identify to those election officials who the party’s nominees are,"" Edward Foley, Ohio State University law professor, told PolitiFact in a July 26 email. Election law experts say it’s not",Social Media,https://www.politifact.com/factchecks/2024/jul/29/social-media/no-democrats-have-not-pre-filled-100-million-ballo/,c8cf64e8-d18a-428c-9e2e-be3129386bab
Video shows a Ku Klux Klan member at a rally for former President Donald Trump.,false,"We rate claims that this video shows a KKK member attending a Trump rally False. A Sept. 8 Instagram post sharing the video said: ""This video was taken yesterday. In 2023, he shared a video labeled ""satire"" on the channel that showed him attending another Trump rally with the sign.",Instagram posts,https://www.politifact.com/factchecks/2024/sep/12/instagram-posts/a-self-described-troll-attended-a-trump-rally-in-a/,c4a67c77-1397-4cd3-845c-b690615a1263
"“This month alone, more than 16,000 non-citizens have been removed from the voter rolls in 3 states.”",half-true,"Greg Abbott said Aug. 26 that the state removed about 1 million ineligible people from the voter rolls since 2021. We don’t know how many of the potential noncitizen voters cast ballots; Texas said 1,930 had a Texas voter history. State election officials routinely take steps to remove ineligible people from the voter rolls in accordance with federal law.",Rick Scott,https://www.politifact.com/factchecks/2024/aug/29/rick-scott/sen-rick-scott-said-3-states-removed-thousands-of/,a17c597f-5af5-4379-b103-1cb8a3c67b4b
Image shows Hitler in similar scene as Trump.,false,We rate the claim that this image shows Hitler in a similar scene as Trump False. Hitler survived assassination attempts but the Threads post’s image of him is altered. The original photo shares no resemblance to the image of Trump on July 13.,Threads posts,https://www.politifact.com/factchecks/2024/aug/09/threads-posts/this-photo-of-hilter-was-altered-to-resemble-a-tru/,814f2da2-a66c-4aeb-a2bd-c786db1269cd
Kamala Harris y Tim Walz se tomaron una foto con un cartel comunista.,pants-fire,"Ellos filmaron el video en una oficina de campaña de la vicepresidenta y Walz en el norte de Phoenix, según una cuenta oficial de la campaña de Harris en Arizona. Aunque no encontramos el video editado en estas páginas, los verificadores de Snopes notaron que uno de los creadores de contenido del Dilley Meme Team publicó el 10 de agosto en su cuenta en X el video editado con el nombre ""Dilley Meme Team"". Al hacer una búsqueda de imagen inversa, PolitiFact encontró que el video original fue publicado el 9 de agosto en X por la cuenta oficial de campaña de Harris.",Facebook posts,https://www.politifact.com/factchecks/2024/aug/16/facebook-posts/kamala-harris-y-tim-walz-no-se-tomaron-foto-con-un/,0cf34d8a-79bf-472a-bd32-67a9d0fabbe9
Video shows Democratic vice presidential candidate Tim Walz dancing to Beyoncé in a cowboy hat and crop top.,false,"A Sept. 5 Instagram video showed a man who resembled the Democratic vice presidential candidate and Minnesota governor dancing in a red cowboy hat and black leather crop top and pants. ""Is it 2024 Democratic Party vice presidential candidate Tim Walz,"" text on the video read. We rate the claim that a video shows Walz dancing to Beyoncé in a cowboy hat and crop top False.",Instagram posts,https://www.politifact.com/factchecks/2024/sep/06/instagram-posts/no-this-video-doesnt-show-tim-walz-dancing-to-beyo/,41535e63-96e4-4155-884d-addf079222a5
Proposed Nevada constitutional amendment to protect abortion rights would put “essentially no limit on access to abortion.”,false,"Brown said Nevada’s proposed constitutional amendment would place ""essentially no limit on access to abortion."" Brown said the ballot measure would put ""essentially no limit on access to abortion."" The constitutional amendment would also be harder to repeal than the existing Nevada law, Orentlicher said.",Sam Brown,https://www.politifact.com/factchecks/2024/sep/13/sam-brown/sam-browns-mistaken-claim-that-a-proposed-nevada-a/,4d4211e0-9054-4677-8463-3f8dc4e581ce
Photo shows Elton John wearing a “MAGA” jacket.,false,"""Just found out Elton John has publicly supported Trump,"" a Sept. 7 Threads post sharing the image said. And that goes all the way up to the Supreme Court,"" John said. ""I just thought, ‘Good on you, Donald,’"" John said in the video.",Viral image,https://www.politifact.com/factchecks/2024/sep/12/viral-image/crocodile-crock-this-isnt-a-real-image-of-elton-jo/,79b133bd-254f-44a4-9b7e-98f834dc8a43
“Breaking: WNBA referees disqualify players under league’s new ‘no anthem kneeling’ rule.”,false,"""BREAKING: WNBA referees disqualify two players under league’s new ‘no anthem kneeling’ rule,"" an Aug. 22 Facebook post said. The disqualification of two WNBA players for kneeling during the anthem would draw news coverage but we found none. We rate claims that WNBA referees recently disqualified two players over a new anthem rule False.",Viral image,https://www.politifact.com/factchecks/2024/aug/28/viral-image/air-ball-wnba-players-werent-disqualified-under-a/,1597b44f-5682-4e4d-ac1e-29bb77b82b8d
"Eric Hovde “wants to repeal the Affordable Care Act, and kick millions off their health insurance.”",true,"Baldwin said Hovde ""wants to repeal the Affordable Care Act, and kick millions off their health insurance."" On the health care page, Hovde doesn’t explicitly say he wants to repeal the Affordable Care Act, rather that the health care system is ""deeply flawed and in need of reform."" Does Hovde want to repeal the Affordable Care Act, also known as Obamacare?",Tammy Baldwin,https://www.politifact.com/factchecks/2024/aug/07/tammy-baldwin/does-gop-senate-candidate-eric-hovde-want-to-repea/,2bebe4c0-8419-4b1a-a34e-7ae166d11262
Photo shows Vice President Kamala Harris “in the 90s.”,false,"Claudia Jordan, a TV and radio host and a former cast member on Bravo’s ""The Real Housewives of Atlanta,"" shared it in July 2020 on Instagram. ""Kamala didn’t look bad in the 90s though,"" a Sept. 2 Threads post said, sharing an image of three women posing for the camera. An image recently shared on social media isn’t one of them.",Threads posts,https://www.politifact.com/factchecks/2024/sep/04/threads-posts/photo-of-reality-show-stars-doesnt-feature-vice-pr/,2d59512b-d116-4b7a-8712-e8eb363d587c
Sen. JD Vance is “known for his obsession with couches.”,pants-fire,"Pritzker’s claim referred to the false assertion that Vance wrote in his bestselling 2016 book, ""Hillbilly Elegy: A Memoir of a Family and Culture in Crisis,"" that he had a sexual encounter with a couch. Pritzker’s claim that Vance has an ""obsession with couches"" is unfounded. NewsGuard, a company that monitors online misinformation, found the claim originated with a satirical X post that said Vance had written about pleasuring himself with a couch.",JB Pritzker,https://www.politifact.com/factchecks/2024/jul/31/jb-pritzker/pritzker-repeats-a-baseless-claim-about-jd-vance-a/,8fbfa275-59e9-4d1e-b868-8a9e19930cb7
Tim Walz “changed the Minnesota flag so it could resemble the Somalian flag.”,false,"He said of the new flag, ""We've evolved into a more diverse state and I think it's more reflective of that,"" according to a May report by WCCO-TV, a CBS News affiliate.. Simon, in a December commission meeting before the final design was chosen, spoke about complaints about the flag design proposals’ resemblance to other countries’ flags; he noted that Iowa’s state flag bears a resemblance to the French flag and Texas’ state flag is similar to Chile’s. But Walz played no role in a state commission’s monthslong process to choose a new design for the state flag and logo, other than appointing three commission members. Many of those claims were based on proposed Minnesota flag designs and not on the state flag’s final design.",X posts,https://www.politifact.com/factchecks/2024/aug/06/tweets/tim-walz-didnt-pick-minnesotas-new-flag-and-its-de/,8f5f6a70-8a1c-49d8-8b58-17f2a91f888e
"In Wisconsin, “a legislative committee cannot release funding.”",barely-true,"James claimed that a legislative committee cannot release funding, but his staff later said he misspoke, and meant that the Joint Finance Committee of the Legislature cannot release the PFAS trust fund because Evers has already vetoed it. Democrats say that the Joint Finance Committee could release the funding and allow the Department of Natural Resources to spend it. Evers has already vetoed the legislation meant to guide how the PFAS money is spent, meaning that if the committee were to release the funding anyway, it could cause problems.",Jesse James,https://www.politifact.com/factchecks/2024/aug/27/jesse-james/yes-wisconsin-committee-can-release-pfas-funding-b/,b1931529-dc95-4384-9645-22e40dc81b2b
Photo from an Aug. 14 campaign event in Michigan shows “JD Vance couldn’t fill a small room.”,false,"Kamala’s Wins shared the photo at 12:13 p.m. About an hour later, at 1:30 p.m., Meryl Kornfield, a staff writer at The Washington Post, posted on X a photo from the Vance campaign event that showed a bigger crowd with almost every seat occupied. An X account called Kamala’s Wins shared a photo Aug. 14 from Vance’s rally that day outside Cordes Inc., a Byron Center, Michigan, trucking company. ""The photo of a virtually empty Vance rally going around doesn’t accurately depict the crowd size now.",X posts,https://www.politifact.com/factchecks/2024/aug/15/tweets/viral-photo-misleads-on-crowd-size-at-vances-michi/,9627f4bd-4089-40a5-b95e-e9d374473fad
"“Hollywood actor Kurt Russell just said: ‘It is now proven, beyond a shadow of a doubt that Kamala Harris and Joe Biden CHEATED in the 2020 election with mail-in ballots.’”",false,"Former Arizona congressional candidate Josh Barnett shared a post on Instagram that attributed a quote to Russell claiming ""beyond a shadow of a doubt"" that President Joe Biden’s 2020 election win was fraudulent. We rate the claim that Russell said Harris and Biden ""cheated"" in the 2020 election False. The post, which is a screenshot of a post on X, read: ""Hollywood Actor Kurt Russell just said: ‘It is now proven, beyond a shadow of a doubt that Kamala Harris and Joe Biden CHEATED in the 2020 election with mail-in ballots.’"" Barnett captioned the post, ""Fact check: TRUE.""",Instagram posts,https://www.politifact.com/factchecks/2024/aug/30/instagram-posts/no-kurt-russell-did-not-say-2020-election-fraud-is/,6687b0c4-a1cf-4bed-80bb-61c878fe5ccb
"Patron, Don Julio and Pink Whitney tequila recalled because they contained fecal matter.",false,"A Facebook post’s claim that Patron, Don Julio and Pink Whitney tequila products were recalled due to containing fecal matter lacks evidence. We checked the websites and social media accounts for Patron, Don Julio and Pink Whitney and found nothing about a product recall. We found multiple social media posts making the same claim on Facebook, Threads, TikTok and X.",Facebook posts,https://www.politifact.com/factchecks/2024/sep/13/facebook-posts/theres-no-evidence-that-popular-tequila-brands-wer/,5bd02e84-c87d-45bf-9d57-f9035c83029e
Photo shows Kamala Harris posing beside Sean “Diddy” Combs.,false,"A Sept. 17 Facebook post shared a screenshot of an X post with this photo, which appears to show Harris at an event with Combs and another woman. But the 2001 photo doesn’t show Harris and Combs posing together. A photo circulating online claims to show a young Kamala Harris posing beside music magnate Sean ""Diddy"" Combs, who faces federal sex trafficking charges.",Facebook posts,https://www.politifact.com/factchecks/2024/sep/19/facebook-posts/no-this-photo-doesnt-show-kamala-harris-posing-wit/,898cdc0f-d122-4c6c-a49d-b11932e13620
“Taylor Swift’s concert tickets” fell to $75 after she endorsed Kamala Harris,false,"The claim that Swift’s concert ticket prices suddenly dropped to $75 following her endorsement of Harris is also rated False. ""Taylor Swift’s concert ticket prices went from being worth thousands to just over $75 since her ‘big endorsement’"" read an Oct. 4 Facebook post. Tickets for Taylor Swift’s remaining tour dates in the U.S. and Canada are sold out, and tickets on resale markets such as StubHub, SeatGeek, and Vivid Seats are mostly priced at more than $1,000 each .",Facebook posts,https://www.politifact.com/factchecks/2024/oct/08/facebook-posts/no-taylor-swift-tickets-arent-75-thats-a-hoax/,995d38be-fa1b-45f3-bbb9-fd64f620da2e
"Elon Musk said, “Anyone caught promoting propaganda will be suspended from X.”",false,"We rate claims Musk threatened to suspend accounts promoting propaganda False. The X post doesn’t appear on Musk’s account, and searching more broadly for the statement we found no credible news coverage that mentioned it or public statements from Musk expressing such a sentiment. A purported screenshot of such an X post from Musk has nevertheless been spreading on social media, including in a Sept. 7 Threads post.",Viral image,https://www.politifact.com/factchecks/2024/sep/12/viral-image/no-elon-musk-didnt-threaten-to-suspend-x-users-pro/,3b0cb191-4587-484d-a8e6-93b254e2af4f
"""Maduro llega a Rusia para pedir ayuda armamentista ante las relaciones negativas con los países americanos"".",false,"Según nuestra búsqueda de noticias, la última vez que Maduro estuvo en Rusia de visita oficial fue en septiembre de 2019. Una búsqueda de la palabra ""Rusia"" en la página web de prensa de Maduro no dió resultados diciendo que Maduro fue a Rusia este año. Al hacer una búsqueda de imagen inversa en Google, encontramos el video en X, publicado por la cuenta del Ministerio del Poder Popular para la Comunicación e Información de Venezuela el 4 de diciembre de 2018.",Instagram posts,https://www.politifact.com/factchecks/2024/sep/16/instagram-posts/video-de-nicolas-maduro-llegando-a-rusia-no-es-act/,ca48ee9f-8b6e-42c6-8749-80f9c56bddb0
"“Elon Musk pide la prohibición de ‘The View’, ‘prefiero caminar descalzo sobre asfalto caliente que ver The View’”.",false,"No encontramos pruebas, como noticias verídicas o declaraciones públicas de Musk o de ""The View"", de que Musk esté intentando prohibir el programa de televisión. ¿Qué tiene más audiencia, el programa de debate ""The View"" de la cadena ABC o la información falsa de que el empresario Elon Musk quiere terminar el programa? ""Elon Musk pide la prohibición de ‘The View’, ‘prefiero caminar descalzo sobre el asfalto caliente que ver ‘The View’"", dice una publicación en Facebook del 21 de agosto.",Facebook posts,https://www.politifact.com/factchecks/2024/aug/26/facebook-posts/elon-musk-no-pidio-prohibir-el-programa-the-view-e/,ffa237ca-4eee-45e2-8b6f-4a5fde5afbba
Image claims Tiger Woods said “Kamala's fake black accent is embarrassing and extremely offensive.”,pants-fire,"But Woods didn’t say this. Now, an Instagram post says Woods publicly criticized Vice President Kamala Harris, whose father is Jamaican and whose mother was Indian, as not being authentically Black. We rate the claim that Woods criticized Harris’ accent Pants on Fire!",Instagram posts,https://www.politifact.com/factchecks/2024/sep/04/instagram-posts/did-i-hear-that-right-no-tiger-woods-didnt-say-kam/,5cd98c02-9d56-448b-bbd9-6e318eff75cd
Melania Trump “was an escort.”,false,"Images of nude art including Michelangelo’s famous ""David"" sculpture appear in the video as Trump speaks. Nearly a decade later, there is no more evidence to back up the claim that Melania Trump was an escort. In August 2016, the Daily Mail published an article about Trump’s nude modeling work and included allegations that she had worked as an escort.",Threads posts,https://www.politifact.com/factchecks/2024/sep/27/threads-posts/old-unfounded-claims-that-melania-trump-was-an-esc/,c2b7fa1a-4a25-4bc9-87a8-c9fffd3cc721
"“Breaking: Kansas City Chiefs refuse to host a Pride Night, ‘It’s woke agenda’”",false,"We rate the claim that the Kansas City Chiefs refused to host a Pride Night False. ""Breaking: Kansas City Chiefs refuse to host a Pride Night, ‘It’s woke ageпda,’"" read a viral Oct. 4 Facebook post. That’s because it’s baseless: This claim — and the story the post linked to — originated as satire.",Facebook posts,https://www.politifact.com/factchecks/2024/oct/07/facebook-posts/kansas-city-chiefs-refusing-to-host-pride-night-is/,9c806208-e22b-4f6d-967f-b0719a4c2836
Photos show that Disney World was “destroyed by Hurricane Milton.”,false,"An Oct. 10 Mouse Trap News article with the headline, ""Breaking: Disney World Destroyed By Hurricane Milton,"" included the same images seen in the Facebook and Instagram posts. ""#Breaking News Disney World Destroyed by Hurricane Milton,"" read the caption on an Oct. 10 Facebook video. There were no legitimate news reports or images released that described the kind of Disney World flooding seen in the Mouse Trap News photos.",Facebook posts,https://www.politifact.com/factchecks/2024/oct/14/facebook-posts/photos-of-disney-world-destroyed-by-hurricane-milt/,e3dbad49-ad8b-4d55-a439-424f3bba9fb9
Video shows that “JD Vance endorses Project 2025.”,false,"But the Harris campaign’s claim is inaccurate: This video does not show Vance endorsing Project 2025 — he made these comments in 2021, more than a month before announcing his Senate run and two years before the Project 2025 plan was made public. Vance did not mention nor endorse Project 2025 then. Vance has expressed support from some — but not all — of the ideas Project 2025 promotes.",Kamala Harris,https://www.politifact.com/factchecks/2024/jul/31/kamala-harris/no-this-2021-video-does-not-show-trumps-vp-pick-jd/,b44e906e-2fb0-4c97-a94e-26b2857701b1
"Video shows Oct. 6, 2024, fires in Beirut caused by Israeli air strikes.",false,"We rate the claim that a video shows Oct. 6, 2024, fires in Beirut caused by Israeli airstrikes False. ""Beirut last night,"" a user captioned an Oct. 6 Instagram video showing several buildings engulfed in flames. Although the video was AI-generated, authentic footage from CNN, Reuters and The New York Times shows Oct. 6 Israeli air strikes causing fires in Beirut’s southern suburbs.",Instagram posts,https://www.politifact.com/factchecks/2024/oct/07/instagram-posts/this-viral-video-of-beirut-on-fire-is-ai-generated/,4b735a18-2cdb-4a86-8d90-f4b8ec6b36ac
Image shows a photo of former President Donald Trump wading through floodwater after Hurricane Helene.,false,"It’s unbelievable that the image in these social media posts would be the only such picture to exist considering that Trump’s presidential campaign draws persistent media attention. Trump’s Georgia trip was widely covered in the media but we found no news reports to corroborate the scene pictured here, much less any other photos or video capturing the moment. Photos and video of Trump in Valdosta published by news outlets including The Associated Press, Getty Images, The Guardian, The New York Times, Fox News, ABC News, CNBC and NBC News show him wearing a navy blue suit, red tie, and a red Make America Great Again hat.",Viral image,https://www.politifact.com/factchecks/2024/oct/02/viral-image/trump-surveyed-hurricane-helene-damage-in-georgia/,8f004de1-b82a-4637-9d4c-531fa8f3c96d
Florida’s six-week abortion law has “no real exceptions. Not for her health. Not even for rape.”,barely-true,"Florida’s abortion ban does include exceptions for the pregnant woman’s health and life, and for rape and incest up to 15 weeks of pregnancy. Yes on 4’s TV ad said Florida’s six-week abortion law has ""no real exceptions. ""Assessing how many people who qualify for abortion care under the exceptions are actually able to do so is difficult and the limited health exception leaves out conditions that threaten the health of a pregnant person, but do not pose a risk of substantial and irreversible physical impairment of a major bodily function,"" Felix said.",Yes on 4,https://www.politifact.com/factchecks/2024/sep/13/yes-on-4/does-florida-abortion-law-have-no-real-rape-health/,715834f2-fe63-42c3-a607-dcba974f1e0c
“FEMA is closing roads and bridges and causing gridlock traffic during evacuations from Hurricane Milton.”,false,"As of Oct. 9, the Florida 511 traffic alert system in the Tampa Bay area showed multiple traffic closures on state and U.S. highways, many blocking access to barrier islands and bridges as the storm rolled in. By the morning of Oct. 9, Google maps showed otherwise largely clear highway traffic flow around the Tampa Bay region, as did Florida 511’s traffic map. Starting Oct. 7, Florida suspended tolls, and the Florida Department of Transportation announced vehicles would be allowed to drive on roadway shoulders to help with traffic flow.",TikTok posts,https://www.politifact.com/factchecks/2024/oct/09/tiktok-posts/no-fema-didnt-close-roads-and-bridges-to-create-tr/,cebfa09d-718e-4069-8a94-79e98e1613cb
Rep. Elissa Slotkin “voted recently to let illegals vote in U.S. elections.”,false,"It’s already illegal for noncitizens to register and vote under state and federal laws, and a ""no"" vote on the bill doesn’t change that. ""It is already a crime many times over for noncitizens to vote in state and federal elections."" Rogers is wrong; Slotkin never voted to allow immigrants in the country illegally to vote in U.S. elections.",Mike Rogers,https://www.politifact.com/factchecks/2024/sep/03/mike-rogers/michigan-republican-surfaces-inaccurate-claim-abou/,babf9d59-a5db-4b26-ba59-273e13b107a1
"El gobernador de Minnesota, Tim Walz, firmó una ley dando educación universitaria gratuita “a los inmigrantes ilegales”.",mostly-true,"El segundo proyecto de ley transfirió $5 millones de ese dinero a un programa diferente de becas de matrícula universitaria para estudiantes que estuvieron en el sistema de hogares de acogida. Walz firmó dos proyectos de ley de educación superior en 2023 y 2024 que cubren los costos de matrícula en las universidades públicas de Minnesota para estudiantes cuyas familias ganan menos de $80,000 al año. Esta es la historia resumida: Walz firmó en ley un programa de becas que cubre la matrícula en las universidades públicas de Minnesota para los estudiantes que cumplan las restricciones de ingresos familiares.",Lindsey Graham,https://www.politifact.com/factchecks/2024/aug/12/lindsey-graham/tim-walz-firmo-ley-dando-matricula-universitaria-g/,5fe74204-93a7-4ad0-a15c-61ce1a964b49
"Georgia Gov. Brian Kemp was calling President Joe Biden after Hurricane Helene but ""hasn't been able to get him.”",false,"Trump said Sept. 30 that Kemp had ""been calling the president, hasn't been able to get him."" Trump did not name the governor who he said couldn’t reach Biden; he could have been referring to Kemp or Democratic North Carolina Gov. He said he talked to Biden on Sept. 29, a day before Trump made the claim.",Donald Trump,https://www.politifact.com/factchecks/2024/sep/30/donald-trump/trump-said-kemp-couldnt-reach-biden-after-hurrican/,ffa77355-2ac7-4876-a054-230364e47d4e
Candace Owens will host an ABC morning show that will replace “The View.”,false,"We rate the claim that Candace Owens will host an ABC morning show that will replace ""The View"" False. ABC has not made an announcement that Owens will be headlining a talk show. ""Candace Owens Signs $25 Million Deal With ABC For A Morning Show,"" a Facebook post says.",Facebook posts,https://www.politifact.com/factchecks/2024/aug/16/facebook-posts/no-candace-owens-is-not-set-to-host-an-abc-talk-sh/,0e72361a-c777-4779-9359-0e5a3945cd8f
Dockworkers went on strike because “they hear screaming children inside shipping containers!”,false,"We rate claims dockworkers went on strike over children screaming in shipping containers False. We looked for, but found no, credible evidence such as news reporting or public statements from the association to corroborate the claim that its workers went on strike because of hearing children screaming in shipping containers. ""SCREAMING CHILDREN INSIDE SHIPPING CONTAINERS,"" an Oct. 2 post said, sharing a screenshot of a Sept. 30 X post from Real Raw News.",Viral image,https://www.politifact.com/factchecks/2024/oct/07/viral-image/dockworkers-are-no-longer-striking-but-misinformat/,bfae221f-5530-457d-86be-82ede99005ad
"“We’re losing 300,000 people a year to fentanyl that comes through our border. We had it down to the lowest number and now it’s worse than it’s ever been.”",pants-fire,"Moreover, though the number of opioid deaths has risen since Trump left office, it’s incorrect to claim they were the ""lowest"" while he was president. Annual U.S. fentanyl deaths have increased since he left office, but Trump’s claim about 300,000 deaths has no basis in fact and is contradicted by figures his press secretary shared. Trump’s claim that fentanyl deaths were the ""lowest"" during his administration and are now worse than ever is also off the mark.",Donald Trump,https://www.politifact.com/factchecks/2024/aug/16/donald-trump/trump-drastically-inflates-annual-fentanyl-death-n/,e7e1a86c-6ca5-4e0c-917e-171e7b79a766
California S.B. 1174 eliminates the requirement for voter ID at polling places.,barely-true,"Senate Bill 1174 prohibits local governments from requiring voter ID at polling places, but existing state law already says that, in most cases, California voters needn’t show ID before voting at the polls. 1174 prohibits local governments from requiring voter ID at polling places, but existing state law already says that in most cases, California voters don’t need to show ID before voting at the polls. By state law, however, California voters need to show ID to polling place workers only if they are voting for the first time after registering to vote by mail and did not provide a valid form of ID on their registration form, a California secretary of state spokesperson said in an email.",Instagram posts,https://www.politifact.com/factchecks/2024/aug/30/instagram-posts/a-new-california-bill-wont-eliminate-voter-id-at-p/,e2feb94c-0b7c-401d-af68-49caedf9a88a
“Mark Robinson skips Board of Education vote on teacher bonuses to hold campaign event.”,barely-true,"""Mark Robinson skips Board of Education vote on teacher bonuses to hold campaign event,"" the headline of the press release said. The Stein campaign said Robinson ""skips Board of Education vote on teacher bonuses to hold campaign event."" And Robinson has attended just over half of State Board of Education meetings, according to data collected by WRAL.",Josh Stein,https://www.politifact.com/factchecks/2024/sep/06/josh-stein/checking-josh-steins-claim-about-mark-robinson-ski/,bbfb957a-0494-42e1-9560-15f7a804f8fe
"“Arizona was safe” when she moved to the state in 1994, but has become “unsafe.”",false,"In 2023, the state’s violent crime rate was 409 per 100,000 residents. That’s a 42% decline in violent crime from when Lake first arrived in Arizona. In 1994, Arizona's violent crime rate was 703 per 100,000 residents, according to official FBI data provided by Jeff Asher, co-founder of AH Datalytics, a crime statistics research group.",Kari Lake,https://www.politifact.com/factchecks/2024/oct/11/kari-lake/kari-lake-says-arizona-was-safer-in-1994-but-crime/,621f8e6d-4093-432e-b2ba-56722bf4ce30
“The Harris-Biden Administration has been caught fraudulently manipulating Job Statistics.”,pants-fire,"New Data from the Bureau of Labor Statistics shows that the Administration PADDED THE NUMBERS with an extra 818,000 Jobs that DO NOT EXIST, AND NEVER DID."" But the RNC provided no evidence to support Trump’s allegation that the administration had been ""caught fraudulently manipulating job statistics."" Trump said, ""The Harris-Biden Administration has been caught fraudulently manipulating Job Statistics.""",Donald Trump,https://www.politifact.com/factchecks/2024/aug/23/donald-trump/donald-trumps-pants-on-fire-claim-that-biden-harri/,3d763598-4336-47d5-b2a9-4f13fb0b40be
"Photo shows President Joe Biden lounging on the beach ""while towns all over America were being wiped out” by Hurricane Helene.",false,"The Bidens did visit Rehoboth Beach, Delaware, over the weekend of Sept. 27 to 29, after the hurricane made landfall, but he also issued emergency declarations and spoke to state and local leaders in affected states. Biden told Criswell that he plans to travel to affected communities when it doesn’t disrupt emergency response operations. The White House reported that Biden received several briefs from FEMA throughout the Sept. 27 to 29 weekend on the storm’s ongoing impacts and updates on the emergency response.",X posts,https://www.politifact.com/factchecks/2024/sep/30/tweets/this-photo-doesnt-show-joe-biden-lounging-at-the-b/,a6d61347-d4de-49f4-839e-0f16a6e64392
"C-SPAN captions for a JD Vance speech said, “Single person clapping.”",false,"LMAO @cspan caption person for the win pic.twitter.com/QHDFYuXplu But C-SPAN aired no such caption, Robin Newton, a spokesperson for the network said. We rate claims that C-SPAN aired the caption ""single person clapping"" False. a third said.",X posts,https://www.politifact.com/factchecks/2024/aug/30/tweets/c-span-didnt-air-single-person-clapping-caption-du/,db7a0029-e484-4fda-9198-f71f90ec90ee
Rep. Ruben Gallego’s “first act in Congress was to propose legislation to BAN the use of the term ‘illegal alien.’”,false,"The first bill Gallego proposed in Congress was the Veterans Education Tax Security Act, also known as the VETS Act. Rep. Joaquin Castro, D-Texas — not Gallego — introduced the CHANGE Act on Oct. 21, 2015, with Gallego and 107 other members co-sponsoring it. ""Gallego’s first act in Congress was to propose legislation to BAN the use of the term ‘illegal alien,’"" Lake wrote.",Kari Lake,https://www.politifact.com/factchecks/2024/sep/19/kari-lake/ruben-gallegos-first-act-in-congress-was-not-to-pr/,ef8540e6-7373-4c54-9284-ea9cdbc29ce6
“Women don't even get their own restroom at the DNC convention.”,pants-fire,"(Screenshot of X post) We saw similar claims that there was ""no women’s restroom on site,"" or that women’s bathrooms were ""eliminated"" from the convention altogether. A United Center map provided by the DNC shows multiple bathrooms on five of the six floors. A men’s restroom and gender-neutral restroom are near each other, and two women’s restrooms lie a short walk down the hall.",X posts,https://www.politifact.com/factchecks/2024/aug/20/tweets/real-potty-talk-there-are-numerous-womens-restroom/,c3661707-67d6-405b-aee9-98b33d990d51
Project 2025 would end gay marriage.,false,"""The legal recognition of same-sex marriage is not discussed in Project 2025’s Mandate for Leadership,"" its website says. PolitiFact’s review of Project 2025 found no call to eliminate the right to same-sex marriage. Other posts we saw carried similar doomy messages about gay marriage: Project 2025 will ""end marriage equality,"" ""overturn"" the right to gay marriage or ""ban"" gay marriage, they said.",Social Media,https://www.politifact.com/factchecks/2024/jul/30/social-media/project-2025-would-not-end-gay-marriage-but-it-cal/,feb6e0b6-5dec-4399-b759-8d4a059296c8
“Sam Brown publicly supported forcing massive cuts to Social Security and Medicare and was caught on tape saying he admires the plan to phase out Social Security and Medicare in five years.”,barely-true,"Rosen said, ""Sam Brown publicly supported forcing massive cuts to Social Security and Medicare and was caught on tape saying he admires the plan to phase out Social Security and Medicare in five years."" Sam Brown publicly supported forcing massive cuts to Social Security and Medicare and was caught on tape saying he admires the plan to phase out Social Security and Medicare in five years."" Balancing the federal budget is not as simple as it sounds and the balanced budget plan Brown supported would almost guarantee cuts to Social Security and Medicare.",Jacky Rosen,https://www.politifact.com/factchecks/2024/sep/24/jacky-rosen/jacky-rosen-exaggerates-sam-browns-support-for-cut/,dedfe103-1e83-4fcb-88bc-368b2d188093
“All students who knelt during the national anthem were rounded up and removed from scholarships” at the University of Texas.,false,"We rate claims that the University of Texas rounded up student athletes and revoked their scholarships for kneeling during the national anthem False. Rather, an undated blog post with a single paragraph claimed the University of Texas had ""recently come under intense scrutiny for reportedly revoking scholarships from five athletes who knelt during the National Anthem to protest racial injustice."" ""KNEELING: After the University of Texas, all students who knelt during the national anthem were rounded up and REMOVED FROM SCHOLARSHIPS,"" an Aug. 20 Facebook post said.",Facebook posts,https://www.politifact.com/factchecks/2024/aug/26/facebook-posts/no-university-of-texas-didnt-pull-scholarships-fro/,f0145ae6-43a0-4373-8160-2b89ad23d46f
"""Donald Trump intends to cut Social Security.""",barely-true,"But the Harris campaign ignores most of what Trump has said during the 2024 campaign — namely, that he will not cut Social Security and Medicare. Trump has repeatedly said he would not cut Social Security at campaign rallies in Michigan and Georgia and in multiple posts on his Truth Social platform. ""Donald Trump intends to cut Social Security and Medicare,"" Harris said.",Kamala Harris,https://www.politifact.com/factchecks/2024/jul/31/kamala-harris/kamala-harris-repeats-dubious-claim-that-donald-tr/,e59ce86b-62a9-410c-bfa7-c0001fd430ce
Video shows former President Donald Trump thought he was in North Carolina while he spoke in Pennsylvania.,false,"Trump suggests he is in North Carolina while he is in Pennsylvania. President Trump was obviously referring to the Front Row Joes from North Carolina in the audience, whom he recognized earlier in his speech."" I don’t know, somehow — would that be OK, North Carolina?",Viral image,https://www.politifact.com/factchecks/2024/aug/22/viral-image/no-this-video-doesnt-show-former-president-donald/,d23fc9ae-f2c8-4294-ba80-e738f3cbfa9b
McDonald’s “said they have no record whatsoever of Kamala Harris ever working at any of their locations.”,false,"Harris has mentioned her job at McDonald’s on the campaign trail and in other public appearances. The earliest instance PolitiFact could find of Harris talking about her McDonald’s job is from 2019, when Harris marched with striking McDonald’s workers in Las Vegas. Since launching her 2024 presidential campaign in July, Harris has highlighted her summer job at McDonald’s in campaign ads and on her personal and campaign X accounts.",Social Media,https://www.politifact.com/factchecks/2024/sep/05/social-media/no-mcdonalds-didnt-say-theres-no-record-kamala-har/,3e2761d1-f505-473c-9b53-98d9f175fbbf
"When New Hampshire gubernatorial nominee Kelly Ayotte served on two companies’ boards, one “laid off 18,000 workers” and the other “laid off 1,200 American workers, moving jobs overseas.”",half-true,"Another company for which Ayotte served as a board member, Caterpillar, laid off 1,200 U.S. workers during her tenure, and many of the jobs moved outside the United States. Ayotte served on the board for Blackstone, an investment company that had a joint venture with hospitality company MGM Resorts International, which laid off 18,000 workers in 2020. Ayotte served on the company board of Blackstone, which had a joint venture with MGM Resorts when MGM laid off 18,000 workers as the  COVID-19 pandemic hit and travel slowed dramatically.",New Hampshire Democratic Party,https://www.politifact.com/factchecks/2024/oct/07/new-hampshire-democratic-party/new-hampshire-democrats-ad-omits-context-about-kel/,cd737a54-faa7-485a-bc51-abec42685090
Craigslist ad shows “every single person” at Kamala Harris’ Arizona rally was paid.,false,"We rate the claim that a Craigslist ad shows ""every single person"" at Kamala Harris’ Arizona rally was paid False. An image of a Craigslist ad then appears with the title, ""Actors needed (Phoenix Convention Center)."" A Harris-Walz campaign spokesperson told PolitiFact that their ""campaign does not pay people to attend rallies, including the recent rally in Arizona,"" adding that the event was open to the public and people could RSVP until the event reached capacity.",Instagram posts,https://www.politifact.com/factchecks/2024/aug/13/instagram-posts/the-audience-at-harris-arizona-rally-was-not-made/,3b7d92dd-a2f7-4f44-b35c-9c8596f20095
"“Kamala Harris permitió la entrada a Estados Unidos de 13.000 extranjeros ilegales condenados por asesinato"".",false,"Pero una sentencia de la Corte Suprema de Estados Unidos, y no la administración de Biden-Harris, dice que no se puede retener indefinidamente a las personas en centros de detención de inmigrantes. Un memorando de 2021 de la administración de Biden ordena a las autoridades de inmigración priorizar la detención de personas que amenacen la seguridad pública. El número de personas en la lista de no detenidos se ha más que duplicado bajo la administración de Biden.",X posts,https://www.politifact.com/factchecks/2024/oct/07/tweets/kamala-harris-permitio-la-entrada-de-13099-asesino/,d4f772d8-b94d-4464-8309-bc222e1e41fe
Images show Sean Combs’ booking photos after Sept. 16 arrest.,false,"As of Sept. 17, no news outlets had yet published a booking photo of Combs following his Sept. 16 arrest, although The Associated Press shared court sketches from his Sept. 17 court appearance and images of Combs’ son leaving a Manhattan federal courthouse. We rate claims these photos were taken after Combs’ Sept. 16 arrest False. ""Breaking news,"" a Sept. 16 Threads post said.",Threads posts,https://www.politifact.com/factchecks/2024/sep/18/threads-posts/old-sean-diddy-combs-mugshot-recirculates-after-re/,6d412f3a-cc11-4a7a-8fbc-5ffa5c43ae26
"“In Project 2025, you’re going to have to register with a new federal agency when you get pregnant.”",false,The Project 2025 document does not call for a new federal agency for pregnancy registration. Walz said that Project 2025 requires women to register with a new federal agency if they get pregnant. Project 2025 would withhold federal money from states that don’t report abortion data to the U.S. Centers for Disease Control and Prevention.,Tim Walz,https://www.politifact.com/factchecks/2024/sep/17/tim-walz/tim-walz-is-wrong-project-2025-doesnt-call-for-pre/,03ab2c5e-bf66-4833-a0dc-20e48c313aee
Kamala Harris “wants to defund the police.”,barely-true,We did not find that Harris called for dissolving police departments. The Harris campaign said that she does not support police defunding (as her campaign told us in 2020) and pointed to statements in which she spoke in favor of police funding. Harris did not go that far — she said police were necessary.,Donald Trump,https://www.politifact.com/factchecks/2024/jul/30/donald-trump/fact-checking-trumps-false-statement-that-kamala-h/,9bab428e-c24e-4627-bf58-6f5c2da1ba1e
"""Typically you have three to four debates in a U.S. Senate race. (Sen. Tammy Baldwin, D-Wis. has) given me one debate, almost a month after early voting has started.""",mostly-true,"There’s still a way for voters to cast their ballots — voting absentee by mail — before the Oct. 18 debate. Now, let’s consider the second part of Hovde’s claim: Does the Oct. 18 debate take place ""almost a month"" after early voting starts in Wisconsin? Early voting is another name for in-person absentee voting, which can take place in Wisconsin from Oct. 22 through Nov. 3.",Eric Hovde,https://www.politifact.com/factchecks/2024/sep/17/eric-hovde/does-the-baldwin-hovde-debate-take-place-after-vot/,743dc4f9-cec1-4375-9c9e-53354c06185e
“Disney World officially moving to Nashville.”,false,"Text below the headline said: ""Breaking news, Disney World is officially moving to Nashville. We rate claims Disney World is moving to Nashville False. We found no credible news stories, press releases or other evidence that Disney World is moving.",Viral image,https://www.politifact.com/factchecks/2024/sep/18/viral-image/the-mouse-isnt-moving-disney-world-isnt-ditching-o/,ac78176c-d0d0-4382-bfee-23bfa89d3ff6
"“The $750 from FEMA that Kamala Harris is offering them is actually a loan, not real relief. And that if they don’t pay it back the feds can seize their property.”",pants-fire,"On its ""Rumor Response"" page, FEMA rebutted claims that people who apply for FEMA assistance risk having their property seized or confiscated. These claims are baseless: FEMA’s assistance payment for essential supplies is not a loan, and FEMA does not seize property. ""Fact: FEMA disaster assistance are grants which do not need to be repaid.""",X posts,https://www.politifact.com/factchecks/2024/oct/06/tweets/fema-gives-750-to-help-hurricane-victims-with-supp/,5cad0879-283d-4a20-b0d3-ef08218facf0
"“Out of the 28 North Carolina counties destroyed by Hurricane Helene, 26 of them supported President Trump in the 2020 election … If you’re wondering why the government hasn’t helped these people, now you know why.”",false,"Biden didn’t withhold aid to North Carolina counties based on whom their residents supported in the 2020 election. The claim disregards that federal aid was granted to the affected North Carolina counties and omits context about how the government directs aid to disaster-affected areas. Relief and rescue efforts continue in North Carolina after Hurricane Helene, but one person claimed President Joe Biden has not helped the majority of the affected counties because he didn’t win them in 2020.",Instagram posts,https://www.politifact.com/factchecks/2024/oct/07/instagram-posts/no-votes-no-aid-no-2020-votes-didnt-determine-disa/,2b9d32df-6689-49e0-949d-4b58932f2a20
“Bob Casey and Kamala Harris want to BAN fracking.”,false,"Harris did support a fracking ban when she ran for president in 2020. Harris said she supported a ban on fracking when she ran for president in 2020. McCormick said Casey and Harris ""want to ban fracking.""",Dave McCormick,https://www.politifact.com/factchecks/2024/aug/16/dave-mccormick/pennsylvania-sen-bob-casey-has-never-called-for-ba/,f4b9063e-66d0-46c3-97a9-305643a47939
Elissa Slotkin “gave your hard-earned tax money to illegal immigrants.”,false,"The bill required a person to have a Social Security number to receive the checks, and most immigrants in the country illegally do not have Social Security numbers. In most cases, people in the country illegally lack Social Security numbers, Lacarte said. The eligibility criteria required people to have Social Security numbers to receive the payments, and the vast majority of people in the country illegally do not have Social Security numbers.",National Republican Senatorial Committee,https://www.politifact.com/factchecks/2024/sep/06/national-republican-senatorial-committee/senate-republicans-ad-claiming-elissa-slotkin-gave/,50a24823-1c66-4783-a51f-bf11a4e6516d
“There’s been a 43% increase in violent crimes since I left office.”,barely-true,"Both the FBI data and the crime victimization survey are scheduled for release later this year. From 2020 to 2022, a period that largely overlaps with the victimization survey data Trump cited, the FBI data showed violent crime falling by about 4%, rather than rising; it ended up virtually tied with 2019’s prepandemic level. The FBI has released preliminary data for 2023, showing that violent crime dropped by 5.7% from 2022 to 2023.",Donald Trump,https://www.politifact.com/factchecks/2024/sep/04/donald-trump/donald-trump-said-violent-crime-is-up-43-but-that/,cf276d32-7692-4124-95bf-9fa52de93e9f
“Two weeks ago 100 GOP lawmakers voted against additional FEMA funding.”,half-true,"A week earlier, a Republican majority voted for their own version of a stopgap funding bill that also included FEMA funding. Reich’s claim is partially accurate because Sept. 25, 18 Senate Republicans and 82 House Republicans voted against a stopgap funding bill to avert a government shutdown. The bill was a much broader funding bill that also included $20 billion for FEMA’s Disaster Relief Fund.",Robert Reich,https://www.politifact.com/factchecks/2024/oct/11/robert-reich/yes-100-gop-lawmakers-voted-against-fema-funding-b/,4a40b4fd-796a-4001-bc2c-c96ed9c1874e
Jacky Rosen “said ending taxes on tips would ‘hurt working Nevada families.’”,false,"Millionaire Jacky Rosen also said ending taxes on tips would ""hurt working Nevada families."" Brown said Rosen said a proposal to end federal taxes on tips would ""hurt working Nevada families."" A Rosen campaign statement included in a June 12 NBC News report described Trump’s promise as ""empty talking points,"" but Rosen also said she supports cutting taxes on tipped workers.",Sam Brown,https://www.politifact.com/factchecks/2024/aug/23/sam-brown/no-jacky-rosen-didnt-say-ending-taxes-on-tips-woul/,d1ec9b5b-cf5d-45a5-92e4-ad1f49847939
Vice President Kamala Harris’ college professors disparaged her as their “worst student.”,pants-fire,"The Instagram post also claims to quote Harris’ Berkeley law professor, but Harris graduated law school in 1989 at what was then University of California Hastings, now called the University of California College of the Law, San Francisco, or UC Law SF — not Berkeley Law in Berkeley, California. A reverse-image search shows the photo of the man in the Facebook claim is Bradford Grant, Howard University architecture professor. The Facebook post’s language originated Sept. 10 from a satire website, Esspots.com, and was shared on that site’s Facebook account.",Facebook posts,https://www.politifact.com/factchecks/2024/sep/19/facebook-posts/social-media-posts-about-kamala-harris-college-stu/,85fa9d54-c2be-4586-adb0-d5f88aea9bf4
"El Dr. Juan Rivera lanza ""una pastilla revolucionaria"" para curar la diabetes.",pants-fire,"La biografía de la página en Facebook que comparte la publicación contiene un enlace a Google Play, la tienda en línea de aplicaciones de Google. La gerente de la práctica del Dr. Rivera confirmó a PolitiFact que la publicación no es verídica. La diabetes es una enfermedad crónica ""que afecta la forma en que el cuerpo convierte los alimentos en energía"", según la página web de los Centros para el Control y la Prevención de Enfermedades (CDC, por sus siglas en inglés).",Facebook posts,https://www.politifact.com/factchecks/2024/aug/30/facebook-posts/video-falso-usa-la-imagen-del-dr-juan-rivera-par/,1b9d889a-424f-46c9-acb7-6abbf4ad352c
Former President Donald Trump posted “0-2” Sept. 15 on Truth Social.,false,"We rate claims Trump posted ""0-2"" Sept. 15 on Truth Social False. He posted about the gunman on Truth Social the night of Sept. 15, thanking the Secret Service and other law enforcement officials ""for the incredible job done today at Trump International in keeping me, as the 45th President of the United States, and the Republican Nominee in the upcoming Presidential Election, SAFE."" An X account called ""Donald J. Trump Posts From His Truth Social,"" which shares Truth Social posts from Trump and his team, featured all of the aforementioned posts when PolitiFact reviewed its feed Sept. 16.",Facebook posts,https://www.politifact.com/factchecks/2024/sep/16/facebook-posts/former-president-donald-trump-didnt-share-this-ass/,6a147b41-1319-4418-a0da-8cb1446efbfa
President Joe Biden walked “onto an empty airplane for no reason.”,false,"We rate claims that Biden boarded an empty plane for no reason False. As fact-checking website Snopes reported, a Black Star Network livestream of Biden and Harris greeting the Americans shows someone on the plane after Biden disembarks again. Biden later boarded the plane that had brought the prisoners to Maryland, setting off a chorus of claims questioning the president’s movements.",Instagram posts,https://www.politifact.com/factchecks/2024/aug/07/instagram-posts/president-joe-biden-didnt-board-an-empty-plane-aft/,4ac5de8f-ec9a-4767-9ed9-e39cd423fdcf
“Colin Kaepernick 'screams' as Coach Kyle Shanahan denies his return request: 'The kneeling symbol has no chance of coming back.’”,false,"""Colin Kaepernick 'SCREAMS' as Coach Kyle Shanahan denies his return request: 'The kneeling symbol has no chance of coming back,’"" an Aug. 23 Facebook post said. It’s been seven years since quarterback Colin Kaepernick played for the former San Francisco 49ers — or any NFL team. The post shared an image of Shanahan at a July 29 press conference after a 49ers training camp practice in Santa Clara, California.",Facebook posts,https://www.politifact.com/factchecks/2024/aug/28/facebook-posts/footballs-coming-back-for-the-2024-regular-season/,2618483a-e34a-4a81-b8d4-a3f36c15eb61
Gov. Tim Walz delivered paid family leave in Minnesota but “Republicans are blocking” a Biden-Harris proposal.,mostly-true,"We found that Walz signed paid family leave into law in 2023. ""Democrats favor a comprehensive bill that would cover paid family and medical leave for new parents and those needing leave for their own serious illness or to care for a seriously ill family member, while Republicans have focused on leave for new parents only,"" Waldfogel said. Democrats have proposed paid family leave bills akin to what Walz signed for a decade.",Pete Buttigieg,https://www.politifact.com/factchecks/2024/aug/16/pete-buttigieg/fact-checking-buttigiegs-claim-that-republicans-ar/,2f7e4a20-7639-47ad-8e7d-ddfa0fbb32d3
Vice President Kamala Harris “is a communist. … She is really a Marxist.”,pants-fire,"Trump said Harris ""is a communist. Asked for evidence to support Trump’s claim that Harris is communist, the Trump campaign singled out her position on price controls. When Trump calls Harris a communist, it evokes fear in Americans who fled authoritarian communist regimes.",Donald Trump,https://www.politifact.com/factchecks/2024/sep/04/donald-trump/fact-check-trump-called-kamala-harris-a-communist/,748cb3a1-278a-4a95-8d08-98471b79c816
Jason Aldean rejected a $500 million music collaboration with Taylor Swift.,false,"Multiple Facebook users shared an image with text that read, ""Jason Aldean Refuses To Let Taylor Swift on Stage, ‘Her Music Is Bubblegum, Not Real Country Artist."" We rate the claim that Aldean rejected a $500 million music collaboration with Swift False. The Facebook posts included a caption that said, ""Jason Aldean Rejects $500 Million Music Collaboration With Taylor Swift, ‘Her Music Is Woke, No Thanks.’""   These posts were flagged as part of Meta’s efforts to combat false news and misinformation on its News Feed.",Facebook posts,https://www.politifact.com/factchecks/2024/aug/26/facebook-posts/jason-aldean-didnt-refuse-500-million-collaboratio/,321af833-d939-4c49-9beb-0fdec5544c38
"""Taylor Swift unexpectedly lost a $125 million brand contract after a massive advertising campaign” endorsing Vice President Kamala Harris.",false,"But PolitiFact found no credible news stories in the Nexis database or public statements by Swift saying she lost millions of dollars in a brand contract for supporting Harris. ""Hot News: Taylor Swift unexpectedly lost a $125 million brand contract after a massive advertising campaign,"" the post said. The Facebook post’s image of Swift is from a 2020 documentary about the making of her album ""Folklore.""",Facebook posts,https://www.politifact.com/factchecks/2024/sep/20/facebook-posts/taylor-swift-did-not-lose-a-125-million-brand-cont/,543f4b19-310e-4f24-8f55-fe7f3bc398b9
Video shows Vice President Kamala Harris “hammered.”,pants-fire,"Let’s break that down."" Let’s break that down. The video clip in the Instagram post is about 5 seconds longer than the length of Harris’ actual remarks.",Viral image,https://www.politifact.com/factchecks/2024/sep/24/viral-image/sober-seriously-altered-video-slows-kamala-harris/,059a1fd7-993b-4ae4-93c6-0aaf4dcd6e4a
Former President Donald Trump “started out with $400 million on a silver platter and then filed for bankruptcy six times.”,half-true,"A comprehensive New York Times review of the Trump family finances in 2018 found that Donald Trump received $413 million from Fred Trump or his estate over the course of his lifetime. When Fred Trump brought Donald Trump into the family business following his college graduation as vice president of multiple subsidiaries, the elder Trump ""telegraphed what had become painfully obvious to his family and employees: He did not consider his eldest son, Fred Trump Jr., a viable heir apparent."" Fred Trump set up ground leases for two of his developments in Brooklyn, the first of which became active when Donald Trump was 3 years old, the Times reported.",Kamala Harris,https://www.politifact.com/factchecks/2024/sep/20/kamala-harris/kamala-harris-exaggerates-scale-of-donald-trumps-i/,bdee3697-8684-4fa1-adf9-2198e9a36480
"Video muestra policías entrando en una casa en Inglaterra ""por comentarios en redes sociales"".",false,"El comunicado incluye un video mostrando varias de las casas a las que entraron, la puerta en una de ellas se parece a la del video en Instagram. Fleur Armitage, una portavoz de la Policía de Gran Manchester, le dijo a PolitiFact que el video en Instagram no muestra lo que la publicación dice. El 29 de julio en la ciudad de Southport, en el noroeste de Inglaterra, tres niñas fueron apuñaladas mortalmente y cinco menores y dos adultos fueron heridos gravemente en un centro comunitario, según la policía local.",Instagram posts,https://www.politifact.com/factchecks/2024/aug/14/instagram-posts/este-video-es-de-redada-por-trafico-de-drogas-en-i/,eeb3ae47-8d6b-489f-af19-910d04e9c2b1
"En el sur de Filadelfia, la campaña de Kamala Harris “está pagando a la gente $700 por semana para viajar y asistir a todos sus eventos”.",false,"""Acabo de salir de mi salón de manicura y mi técnico de uñas... dijo que su primo está en el sur de Filadelfia y escuchen esto, le pagan $700 por semana para ir a donde la campaña de Kamala les diga que vayan"", dijo la mujer en inglés en la publicación del 21 de septiembre. Reuters también calificó como falsa una afirmación que sugería que los autobuses de la campaña de Harris se utilizaron para llevar a las personas a un evento de campaña el 12 de septiembre en Charlotte, Carolina del Norte. El clip muestra a una mujer contando una historia en inglés sobre cómo la campaña de Harris supuestamente le paga a la prima de su manicurista para que asista a los eventos de campaña de la candidata presidencial demócrata.",TikTok posts,https://www.politifact.com/factchecks/2024/sep/27/tiktok-posts/la-campana-de-kamala-harris-no-esta-pagando-a-la-g/,71c7983f-eb9c-4c6e-a1fc-4580d41074cf
“Caitlin Clark declines $1 million offer from ABC to appear on ‘The View.’”,false,"""BREAKING: Caitlin Clark declines $1 million offer from ABC to appear on ‘The View,’"" an Aug. 5 Facebook post said. We rate claims Clark turned down a $1 million ""The View"" appearance False. The Facebook post resharing the claim did not label it as satire.",Facebook posts,https://www.politifact.com/factchecks/2024/aug/09/facebook-posts/caitlin-clark-didnt-turn-down-a-1-million-appearan/,8d970d09-12f7-4fb0-97b8-9fce5eb04687
"“Less than three months ago, Kamala Harris and her administration blocked 300,000 unvetted Haitian migrants from being deported out of our country.""",barely-true,"Trump Jr. is inaccurate that the Haitians granted Temporary Protected Status are ""unvetted."" But the Temporary Protected Status program is also available to people who don’t have deportation orders. Trump Jr.'s claim that Temporary Protected Status recipients are unvetted is inaccurate.",Donald Trump Jr.,https://www.politifact.com/factchecks/2024/sep/30/donald-trump-jr/biden-administration-prevented-haitians-deportatio/,5585afff-9b9b-4df9-9404-76acecb51f08
Democrats dyed the “Chicago River red to celebrate abortion.”,pants-fire,"""DNC has dyed Chicago River red to celebrate abortion."" ""The #DNC2024CHICAGO dyed the river red to celebrate abortion."" Yet another claimed that the city of Chicago had dyed the river to celebrate abortion.",X posts,https://www.politifact.com/factchecks/2024/aug/20/tweets/the-chicago-river-isnt-a-red-river-democrats-didnt/,c0df4b8e-8c1b-4ff8-8016-b2a8bf996aaf
"Immigrants get $2,000 each time they cross the border illegally.",false,"The federal government does not give migrants $2,000 every time they cross the border illegally, despite claims made by Joe Rogan on his podcast. We rate the claim that immigrants get $2,000 each time they cross the border illegally False. People who cross the border illegally a second time can also be fined and imprisoned for up to two years.",Instagram posts,https://www.politifact.com/factchecks/2024/sep/12/instagram-posts/no-the-federal-government-is-not-paying-immigrants/,ea95ba80-1d73-494e-bbe0-26bc82206a73
"Bill Gates dijo que ""estamos tomando cosas que son ya sabes organismos genéticamente modificados y los estamos inyectando en los brazos de niños pequeños"" en el contexto de las vacunas.",false,"""Estamos tomando cosas que son ya sabes organismos genéticamente modificados y los estamos inyectando en los brazos de niños pequeños y los inyectamos directamente en la vena"", dice Gates en la publicación del 20 de septiembre. Bill Gates aludió a la necesidad de realizar pruebas de seguridad a los alimentos con organismos genéticamente modificados, semejante a las pruebas que se hacen con los medicamentos. Este video también mostraba a Gates diciendo que inyectaban a los niños con organismos modificados, sin explicar que él estaba aludiendo a la necesidad de realizar más pruebas a los alimentos genéticamente modificados.",Facebook posts,https://www.politifact.com/factchecks/2024/sep/26/facebook-posts/video-saca-de-contexto-comentario-de-bill-gates-so/,e7e71df9-3db5-4efa-b498-f2aec3663634
"""Mike Pence endorsed Kamala Harris.”",false,"We found no evidence that Pence has publicly endorsed Harris for president and a spokesperson for an organization Pence founded said he doesn’t plan to endorse her. Pence has said he will not endorse Trump for president. But some social media posts are claiming that Pence has endorsed Vice President Kamala Harris, the presumptive Democratic nominee for president.",TikTok posts,https://www.politifact.com/factchecks/2024/jul/29/tiktok-posts/mike-pence-didnt-endorse-kamala-harris-for-preside/,2b2e46b7-c884-4969-9b4a-455e7669f186
Video shows “people attempting to flee Florida & Hurricane Milton.”,false,"""People attempting to flee Florida & Hurricane Milton,"" an Oct. 9 Threads post sharing the video said. We rate claims that a video shows people stuck on bridges during Hurricane Milton False. ""Heavy traffic jam due to waterlogging in Mumbai,"" another Sept. 25 Instagram post said.",Threads posts,https://www.politifact.com/factchecks/2024/oct/11/threads-posts/flooding-footage-shows-mumbai-india-not-florida-du/,52a3da4c-0be0-4869-ab42-3072bb62f48f
The “‘Inflation Reduction Act’ increased inflation and drove prices sky high!”,false,"A Sheehy post said the Inflation Reduction Act that Tester supported ""increased inflation and drove prices sky high!"" It doesn’t mean that the Inflation Reduction Act caused inflation to ease. Tester voted for the Inflation Reduction Act in August 2022.",Tim Sheehy,https://www.politifact.com/factchecks/2024/sep/17/tim-sheehy/montana-senate-candidate-tim-sheehy-wrongly-blames/,8d555d0b-fe25-4641-8469-565ad444870e
"Rep. Ruben Gallego is “controlled by the cartels. His own father was a Colombian drug trafficker, and so he’s got links to the cartel.”",pants-fire,"But Gallego’s father has been largely absent from Gallego’s life since Gallego was in junior high school and his parents divorced. Gallego wrote that his father was almost entirely absent from his life after the divorce, making Lake’s accusation that Gallego has ""links to the cartel"" through his father dubious. Speaking Sept. 27 with Newsmax host Greg Kelly, Lake theorized a connection between Gallego and drug cartels because his father was arrested for drug crimes when Gallego was a child.",Kari Lake,https://www.politifact.com/factchecks/2024/oct/03/kari-lake/in-arizona-senate-race-kari-lake-fabricates-link-b/,37b278d8-76dd-461f-be22-7ab4df6d7202
“Serena Williams reportedly passes away following tragic car crash in Texas.”,pants-fire,"""‘FAREWELL TO A TENNIS LEGENDS’: Serena Williams reportedly passes away following tragic car crash in Texas. The posts featured images of Williams and an aerial shot of a crash scene. Details surrounding the crash remain scarce, but early reports indicate that Williams was involved in a severe accident that occurred earlier this morning.",Facebook posts,https://www.politifact.com/factchecks/2024/sep/27/facebook-posts/serena-williams-death-hoax-spreads-on-social-media/,8adf5429-2d18-469c-9eeb-6959542b843a
"Former President Donald Trump ""intends to enact what, in effect, is a national sales tax ... that would raise prices on middle-class families by almost $4,000 a year.""",half-true,"Harris said Trump ""intends to enact what, in effect, is a national sales tax — call it a Trump tax — that would raise prices on middle-class families by almost $4,000 a year."" Even as Trump proposes tax cuts that would benefit wealthier Americans, Harris said, he ""intends to enact what, in effect, is a national sales tax — call it a Trump tax — that would raise prices on middle-class families by almost $4,000 a year."" Trump has proposed a 10% tariff (and at least once said up to 20%) on all nondomestic goods sold in the U.S., along with a 60% tariff on Chinese goods.",Kamala Harris,https://www.politifact.com/factchecks/2024/aug/30/kamala-harris/would-donald-trumps-proposed-tariffs-hit-typical-f/,80ad8108-ce72-4a7a-a489-0df8d43e6834
"Videos of media talking about Tim Walz as a ""happy warrior"" are proof of government propaganda legalized by Barack Obama.",false,"An Instagram post said videos of media talking about Walz as a ""happy warrior"" are proof of government propaganda legalized by Barack Obama. The Instagram post’s narrator referred to a law change during Obama’s administration that she said ""legalized government propaganda"" and led to the news outlets ""repeating the same Democratic talking points."" False social media posts in recent years have said the law legalized government propaganda in the U.S.",Instagram posts,https://www.politifact.com/factchecks/2024/aug/15/instagram-posts/no-this-obama-era-law-didnt-legalize-propaganda-an/,f883493d-ee5e-4239-ba13-6ddd28aa7050
Florida’s Amendment 3 is “the monopoly amendment.”,false,"Large medical marijuana companies in Florida back the ballot measure to legalize marijuana for recreational use and one in particular, Trulieve, has contributed about $93 million to help the amendment pass. Florida has 25 licensed medical marijuana companies, referred to by law as ""medical marijuana treatment centers."" The measure says medical marijuana treatment centers, or other state licensed entities, will be able to sell recreational marijuana products without criminal or civil liability.",Vote No on 3,https://www.politifact.com/factchecks/2024/sep/27/vote-no-on-3/ad-watch-in-florida-amendment-3-does-not-create-a/,f2170835-4bdc-424b-983a-319401977853
